split,sequence,frame,method,psnr,ssim,sharpness
calibration,000,00000020,FUGR-C,27.33649900109118,0.7373737692832947,0.0014340576017275453
calibration,000,00000040,FUGR-C,27.006627421968872,0.7757394711176554,0.0016195357311517
calibration,000,00000060,FUGR-C,27.384174317137607,0.7835155526796976,0.0019899161998182535
calibration,000,00000080,FUGR-C,27.13094473888505,0.7797750035921732,0.001816233736462891
calibration,003,00000020,FUGR-C,31.44090661428997,0.9133074084917704,0.0018536755815148354
calibration,003,00000040,FUGR-C,30.59401392133832,0.9028745492299398,0.0016104058595374227
calibration,003,00000060,FUGR-C,29.96797356278058,0.8901656071345011,0.0020337041933089495
calibration,003,00000080,FUGR-C,29.323673706064373,0.8797687689463297,0.0024936010595411062
calibration,006,00000020,FUGR-C,30.986371520948186,0.8515528043111166,0.0007267528562806547
calibration,006,00000040,FUGR-C,29.821062672124107,0.8261005878448486,0.0008621991728432477
calibration,006,00000060,FUGR-C,30.251030067003896,0.8333649436632792,0.0008437603246420622
calibration,006,00000080,FUGR-C,27.39789236104589,0.7544846137364706,0.0014576568501070142
calibration,010,00000020,FUGR-C,32.083644062946675,0.8895513415336609,0.0008029616437852383
calibration,010,00000040,FUGR-C,31.340216542150433,0.8724625507990519,0.0007564236875623465
calibration,010,00000060,FUGR-C,30.917068974871604,0.8667839765548706,0.0007506170659326017
calibration,010,00000080,FUGR-C,31.282433418429783,0.8775854508082072,0.0007777555147185922
calibration,011,00000020,FUGR-C,24.56526715416688,0.6900418202082316,0.0021166419610381126
calibration,011,00000040,FUGR-C,23.88936214713885,0.659129003683726,0.0021296802442520857
calibration,011,00000060,FUGR-C,22.985238843639802,0.6168327728907267,0.0020672136452049017
calibration,011,00000080,FUGR-C,22.739565936699687,0.6184427340825399,0.0018887663027271628
calibration,000,00000020,ControlNet-FUGR,21.191851497396065,0.518045961856842,0.0009760935208760202
calibration,000,00000040,ControlNet-FUGR,20.58358016018289,0.531452457110087,0.001196320285089314
calibration,000,00000060,ControlNet-FUGR,20.338844107769837,0.5317176183064779,0.0013025130610913038
calibration,000,00000080,ControlNet-FUGR,20.359063256736984,0.5384962360064188,0.0012071187375113368
calibration,003,00000020,ControlNet-FUGR,22.484741893604028,0.7122291723887125,0.0010422065388411283
calibration,003,00000040,ControlNet-FUGR,22.578577002359804,0.7104429801305135,0.0009385131415911019
calibration,003,00000060,ControlNet-FUGR,22.062690310312174,0.6838924884796143,0.0011557260295376182
calibration,003,00000080,ControlNet-FUGR,21.40854787501315,0.6575731833775839,0.0016797741409391165
calibration,006,00000020,ControlNet-FUGR,23.79103871318521,0.6624594132105509,0.0005556420073844492
calibration,006,00000040,ControlNet-FUGR,22.874792074135243,0.6104065179824829,0.0006284618866629899
calibration,006,00000060,ControlNet-FUGR,23.202620866532705,0.6204725305239359,0.0005863240803591907
calibration,006,00000080,ControlNet-FUGR,20.822702022295406,0.502142588297526,0.0011177610140293837
calibration,010,00000020,ControlNet-FUGR,25.197604240154632,0.7387901743253072,0.0005073839565739036
calibration,010,00000040,ControlNet-FUGR,24.554914109268992,0.7037202914555868,0.0005597364506684244
calibration,010,00000060,ControlNet-FUGR,24.742776169412345,0.7090350389480591,0.0005063010030426085
calibration,010,00000080,ControlNet-FUGR,24.66891158516482,0.7124299804369608,0.0005254285060800612
calibration,011,00000020,ControlNet-FUGR,19.403101017940642,0.4552909731864929,0.001448485185392201
calibration,011,00000040,ControlNet-FUGR,19.00240888397685,0.42310372988382977,0.0016118130879476666
calibration,011,00000060,ControlNet-FUGR,18.746470121073948,0.3945892850557963,0.0014783572405576706
calibration,011,00000080,ControlNet-FUGR,18.739580928111014,0.4059193233648936,0.0013293875381350517
calibration,000,00000020,BasicVSR,27.32845161076756,0.7371783057848612,0.0014153587399050593
calibration,000,00000040,BasicVSR,26.993668472045012,0.7754594683647156,0.0015974274137988687
calibration,000,00000060,BasicVSR,27.36698848269679,0.7831323345502218,0.0019827871583402157
calibration,000,00000080,BasicVSR,27.126253636341666,0.7796631256739298,0.0018090058583766222
calibration,003,00000020,BasicVSR,31.423524630968394,0.9130290150642395,0.0018701332155615091
calibration,003,00000040,BasicVSR,30.58931517779036,0.902614156405131,0.001626366749405861
calibration,003,00000060,BasicVSR,29.943516638284756,0.8898259401321411,0.002058587968349457
calibration,003,00000080,BasicVSR,29.284284738466198,0.8793851733207703,0.0025257801171392202
calibration,006,00000020,BasicVSR,30.970646658223217,0.8513255715370178,0.0007365167257376015
calibration,006,00000040,BasicVSR,29.798444472702354,0.8257935444513956,0.000870196963660419
calibration,006,00000060,BasicVSR,30.235421935489452,0.8331560691197714,0.0008517964161001146
calibration,006,00000080,BasicVSR,27.38404144115789,0.7541727224985758,0.001443057437427342
calibration,010,00000020,BasicVSR,32.06576670573902,0.889223059018453,0.0008068291353993118
calibration,010,00000040,BasicVSR,31.318137145744945,0.8721464276313782,0.0007662795833311975
calibration,010,00000060,BasicVSR,30.90363837194676,0.8664594690004984,0.0007555379415862262
calibration,010,00000080,BasicVSR,31.263054558787186,0.8772465189297994,0.0007814678247086704
calibration,011,00000020,BasicVSR,24.561011873960673,0.6899250745773315,0.0020925942808389664
calibration,011,00000040,BasicVSR,23.882633971723173,0.6589502096176147,0.002105416962876916
calibration,011,00000060,BasicVSR,22.98361731182899,0.6169853607813517,0.002048369962722063
calibration,011,00000080,BasicVSR,22.73959557867384,0.6186747749646505,0.0018739158986136317
test,018,00000020,FUGR-C,23.88807280798344,0.5952177246411642,0.00169080076739192
test,018,00000040,FUGR-C,24.43961924032996,0.6192031900087992,0.001531012007035315
test,018,00000060,FUGR-C,24.861467393019346,0.6436895132064819,0.001511197304353118
test,018,00000080,FUGR-C,25.327790339536854,0.6453585624694824,0.0013650518376380205
test,020,00000020,FUGR-C,28.387460713426425,0.8057632446289062,0.000978454714640975
test,020,00000040,FUGR-C,26.863106362798487,0.781760017077128,0.001324745244346559
test,020,00000060,FUGR-C,27.03628365257479,0.7769736647605896,0.001182482810690999
test,020,00000080,FUGR-C,27.19416971317155,0.7834069728851318,0.00117912283167243
test,026,00000020,FUGR-C,32.078838152306936,0.8629839817682902,0.000806130759883672
test,026,00000040,FUGR-C,33.39984172168541,0.8842505017916361,0.0007205284782685339
test,026,00000060,FUGR-C,32.48144795377745,0.873287558555603,0.0007718795095570385
test,026,00000080,FUGR-C,33.587138914856176,0.8922520279884338,0.0007420809124596417
test,028,00000020,FUGR-C,33.430145399864855,0.9301252166430155,0.0011084791040048003
test,028,00000040,FUGR-C,32.96123635238958,0.8800636728604635,0.0011261238250881433
test,028,00000060,FUGR-C,33.01051159576626,0.8999343315760294,0.0014152047224342823
test,028,00000080,FUGR-C,34.79527115527179,0.9339545567830404,0.0011710110120475292
test,029,00000020,FUGR-C,35.26760631867508,0.9388843576113383,0.0007770649972371757
test,029,00000040,FUGR-C,33.64552856265842,0.9315985441207886,0.0009029259672388434
test,029,00000060,FUGR-C,33.45307753627975,0.9322272141774496,0.0006244339747354388
test,029,00000080,FUGR-C,35.35275236942755,0.9418178995450338,0.0005334045272320509
test,018,00000020,ControlNet-FUGR,18.719096127228216,0.3158784707387288,0.0013861171901226044
test,018,00000040,ControlNet-FUGR,19.016176906196367,0.3231714566548665,0.0014079377287998796
test,018,00000060,ControlNet-FUGR,19.30722835758679,0.35119153062502545,0.0013495750026777387
test,018,00000080,ControlNet-FUGR,19.755845846345252,0.3673931658267975,0.001083076698705554
test,020,00000020,ControlNet-FUGR,22.000140325241347,0.5980432430903116,0.0007265284075401723
test,020,00000040,ControlNet-FUGR,21.107710105852227,0.5736100872357687,0.0008769811247475445
test,020,00000060,ControlNet-FUGR,21.464092701748456,0.577564020951589,0.0008194413385353982
test,020,00000080,ControlNet-FUGR,21.3929964199683,0.5796168645222982,0.0008486940059810877
test,026,00000020,ControlNet-FUGR,24.68100514956972,0.691438635190328,0.00048613251419737935
test,026,00000040,ControlNet-FUGR,25.224697471020882,0.7167060971260071,0.0004755737027153373
test,026,00000060,ControlNet-FUGR,24.753626425660322,0.6936002969741821,0.00045203513582237065
test,026,00000080,ControlNet-FUGR,25.012125954921174,0.7199428280194601,0.0004735449037980288
test,028,00000020,ControlNet-FUGR,24.62262074964032,0.7785323262214661,0.00076117436401546
test,028,00000040,ControlNet-FUGR,24.45221455515322,0.7024113535881042,0.0007333100074902177
test,028,00000060,ControlNet-FUGR,23.968614991930956,0.725800613562266,0.0009198251063935459
test,028,00000080,ControlNet-FUGR,24.725039359562558,0.7717844446500143,0.0007339900475926697
test,029,00000020,ControlNet-FUGR,25.12633811833164,0.7773687839508057,0.0005910463514737785
test,029,00000040,ControlNet-FUGR,24.28575446628214,0.7543347676595052,0.0006635411991737783
test,029,00000060,ControlNet-FUGR,25.249953500591417,0.7701849142710367,0.0004649515321943909
test,029,00000080,ControlNet-FUGR,26.43401616988484,0.794721265633901,0.000388813903555274
test,018,00000020,BasicVSR,23.882594416316664,0.5952807267506918,0.0016843808116391301
test,018,00000040,BasicVSR,24.4330821199326,0.619265059630076,0.0015260570216923952
test,018,00000060,BasicVSR,24.855955064686682,0.6437223752339681,0.0015100619057193398
test,018,00000080,BasicVSR,25.322746355990326,0.6454180280367533,0.001353774219751358
test,020,00000020,BasicVSR,28.386868889149042,0.8056970636049906,0.0009711247403174639
test,020,00000040,BasicVSR,26.859277287591638,0.7817493279774984,0.0013175301719456911
test,020,00000060,BasicVSR,27.03385077331127,0.7770018776257833,0.0011818547500297427
test,020,00000080,BasicVSR,27.19144923128834,0.7834442059199015,0.0011681829346343875
test,026,00000020,BasicVSR,32.05514164841243,0.8628972371419271,0.0008099687984213233
test,026,00000040,BasicVSR,33.36932707864239,0.8839859366416931,0.0007221790729090571
test,026,00000060,BasicVSR,32.469521402138696,0.8732489546140035,0.0007698388653807342
test,026,00000080,BasicVSR,33.57141214225554,0.8922181328137716,0.0007375444984063506
test,028,00000020,BasicVSR,33.36960990412497,0.9295997222264608,0.0010921208886429667
test,028,00000040,BasicVSR,32.92486596112158,0.8794891039530436,0.0011078479001298547
test,028,00000060,BasicVSR,32.973211591793216,0.8995495041211446,0.0013949604472145438
test,028,00000080,BasicVSR,34.741826877847664,0.9336120088895162,0.001156251528300345
test,029,00000020,BasicVSR,35.232299113285,0.9386029243469238,0.0007763443281874061
test,029,00000040,BasicVSR,33.628532909588706,0.9313698609670004,0.0008996105170808733
test,029,00000060,BasicVSR,33.4379769339205,0.9320085644721985,0.0006210695137269795
test,029,00000080,BasicVSR,35.34076215080957,0.9416732986768087,0.0005320216296240687
calibration,000,00000020,RGB-HF-b0.05-s0.3,27.336563072373423,0.7373732725779215,0.0013564919354394078
calibration,000,00000040,RGB-HF-b0.05-s0.3,27.006691882538092,0.7757404446601868,0.0015311475144699216
calibration,000,00000060,RGB-HF-b0.05-s0.3,27.384240479818622,0.7835171024004618,0.001878770999610424
calibration,000,00000080,RGB-HF-b0.05-s0.3,27.13099279062896,0.7797747055689493,0.0017198825953528285
calibration,003,00000020,RGB-HF-b0.05-s0.3,31.44101722324736,0.9133116404215494,0.001766824978403747
calibration,003,00000040,RGB-HF-b0.05-s0.3,30.594050441965063,0.9028777281443278,0.0015276562189683318
calibration,003,00000060,RGB-HF-b0.05-s0.3,29.968258634673745,0.8901717265446981,0.0019304790766909719
calibration,003,00000080,RGB-HF-b0.05-s0.3,29.32386149108393,0.8797743916511536,0.0023751151748001575
calibration,006,00000020,RGB-HF-b0.05-s0.3,30.986416570679765,0.851555347442627,0.0006840034038759768
calibration,006,00000040,RGB-HF-b0.05-s0.3,29.821133508628094,0.8261035879453024,0.0008058817475102842
calibration,006,00000060,RGB-HF-b0.05-s0.3,30.251131309845803,0.8333690365155538,0.000782299495767802
calibration,006,00000080,RGB-HF-b0.05-s0.3,27.397935960948878,0.7544844349225363,0.001373956329189241
calibration,010,00000020,RGB-HF-b0.05-s0.3,32.08367796364563,0.8895536065101624,0.000759449671022594
calibration,010,00000040,RGB-HF-b0.05-s0.3,31.340234783749015,0.8724652330080668,0.0007082727388478816
calibration,010,00000060,RGB-HF-b0.05-s0.3,30.91712111720168,0.8667877912521362,0.000698127958457917
calibration,010,00000080,RGB-HF-b0.05-s0.3,31.282467381699863,0.8775883515675863,0.0007276486721821129
calibration,011,00000020,RGB-HF-b0.05-s0.3,24.5652807513737,0.6900385220845541,0.0020148337353020906
calibration,011,00000040,RGB-HF-b0.05-s0.3,23.889386907780956,0.6591259042421976,0.0020315400324761868
calibration,011,00000060,RGB-HF-b0.05-s0.3,22.985269808605516,0.6168282628059387,0.001969055039808154
calibration,011,00000080,RGB-HF-b0.05-s0.3,22.739595198647248,0.618438720703125,0.0017998262774199247
calibration,000,00000020,RGB-HF-b0.05-s0.4,27.33714824572732,0.73736439148585,0.0013564970577135682
calibration,000,00000040,RGB-HF-b0.05-s0.4,27.007280700524955,0.7757441600163778,0.0015310740564018488
calibration,000,00000060,RGB-HF-b0.05-s0.4,27.38482325324572,0.7835265398025513,0.0018790223402902484
calibration,000,00000080,RGB-HF-b0.05-s0.4,27.13142867556893,0.7797722816467285,0.0017197318375110626
calibration,003,00000020,RGB-HF-b0.05-s0.4,31.441988166706814,0.9133490920066833,0.001766243134625256
calibration,003,00000040,RGB-HF-b0.05-s0.4,30.594326095649983,0.9029056628545126,0.0015269677387550473
calibration,003,00000060,RGB-HF-b0.05-s0.4,29.9709195387932,0.8902273774147034,0.001930208527483046
calibration,003,00000080,RGB-HF-b0.05-s0.4,29.325579625012693,0.8798256317774454,0.0023753123823553324
calibration,006,00000020,RGB-HF-b0.05-s0.4,30.986806175178213,0.8515705068906149,0.0006831304053775966
calibration,006,00000040,RGB-HF-b0.05-s0.4,29.8217822500811,0.8261198798815409,0.0008053218480199575
calibration,006,00000060,RGB-HF-b0.05-s0.4,30.252040190569414,0.8333989779154459,0.0007818436133675277
calibration,006,00000080,RGB-HF-b0.05-s0.4,27.39832338058504,0.7544759710629781,0.0013740978902205825
calibration,010,00000020,RGB-HF-b0.05-s0.4,32.083963066741205,0.8895728786786398,0.0007581145036965609
calibration,010,00000040,RGB-HF-b0.05-s0.4,31.34036213289257,0.8724894523620605,0.0007071734871715307
calibration,010,00000060,RGB-HF-b0.05-s0.4,30.917582931989056,0.8668212890625,0.0006969895912334323
calibration,010,00000080,RGB-HF-b0.05-s0.4,31.282765250957905,0.8776137034098307,0.0007265345775522292
calibration,011,00000020,RGB-HF-b0.05-s0.4,24.56541209679724,0.6900078852971395,0.0020151003263890743
calibration,011,00000040,RGB-HF-b0.05-s0.4,23.889579055161988,0.6590945720672607,0.0020318033639341593
calibration,011,00000060,RGB-HF-b0.05-s0.4,22.985550916251036,0.6167874733606974,0.0019693286158144474
calibration,011,00000080,RGB-HF-b0.05-s0.4,22.739845263331603,0.6183990240097046,0.0017998956609517336
calibration,000,00000020,RGB-HF-b0.05-s0.5,27.338080797650306,0.7373416423797607,0.0013569522416219115
calibration,000,00000040,RGB-HF-b0.05-s0.5,27.008208758513845,0.7757415374120077,0.0015319122467190027
calibration,000,00000060,RGB-HF-b0.05-s0.5,27.385704067813478,0.7835338115692139,0.001879940857179463
calibration,000,00000080,RGB-HF-b0.05-s0.5,27.132074879100294,0.7797595858573914,0.0017203589668497443
calibration,003,00000020,RGB-HF-b0.05-s0.5,31.443443579190216,0.9134074449539185,0.0017664788756519556
calibration,003,00000040,RGB-HF-b0.05-s0.5,30.59459654891864,0.9029468894004822,0.001527339336462319
calibration,003,00000060,RGB-HF-b0.05-s0.5,29.9754940781061,0.8903178771336874,0.0019307167967781425
calibration,003,00000080,RGB-HF-b0.05-s0.5,29.32843314224467,0.8799055616060892,0.002375965006649494
calibration,006,00000020,RGB-HF-b0.05-s0.5,30.987361136394714,0.8515901366869608,0.0006833500228822231
calibration,006,00000040,RGB-HF-b0.05-s0.5,29.82281111884585,0.82614133755366,0.000805847579613328
calibration,006,00000060,RGB-HF-b0.05-s0.5,30.25350717649949,0.8334437608718872,0.0007826450746506453
calibration,006,00000080,RGB-HF-b0.05-s0.5,27.3988988805721,0.7544527848561605,0.0013747563352808356
calibration,010,00000020,RGB-HF-b0.05-s0.5,32.08429189799412,0.8895994822184244,0.0007581344689242542
calibration,010,00000040,RGB-HF-b0.05-s0.5,31.340422366896426,0.8725229303042094,0.000707385886926204
calibration,010,00000060,RGB-HF-b0.05-s0.5,30.918245920336027,0.8668704628944397,0.0006973386625759304
calibration,010,00000080,RGB-HF-b0.05-s0.5,31.283130397931345,0.8776498635609945,0.0007266417960636318
calibration,011,00000020,RGB-HF-b0.05-s0.5,24.565567749160163,0.689945916334788,0.002015727572143078
calibration,011,00000040,RGB-HF-b0.05-s0.5,23.889853919931078,0.6590318481127421,0.0020324592478573322
calibration,011,00000060,RGB-HF-b0.05-s0.5,22.985996945546916,0.6167076031366984,0.0019699856638908386
calibration,011,00000080,RGB-HF-b0.05-s0.5,22.740242432128007,0.618322491645813,0.001800572732463479
calibration,000,00000020,RGB-HF-b0.05-s0.8,27.339555761348088,0.7372162938117981,0.0013591705355793238
calibration,000,00000040,RGB-HF-b0.05-s0.8,27.009635247384235,0.7756537000338236,0.0015344005078077316
calibration,000,00000060,RGB-HF-b0.05-s0.8,27.386861221792937,0.7834685246149699,0.0018839114345610142
calibration,000,00000080,RGB-HF-b0.05-s0.8,27.132681729293093,0.7796526551246643,0.0017229318618774414
calibration,003,00000020,RGB-HF-b0.05-s0.8,31.44479547050441,0.9134868780771891,0.0017646291526034474
calibration,003,00000040,RGB-HF-b0.05-s0.8,30.593391378845478,0.9029825528462728,0.0015282623935490847
calibration,003,00000060,RGB-HF-b0.05-s0.8,29.985153911312455,0.8904717961947123,0.0019325404427945614
calibration,003,00000080,RGB-HF-b0.05-s0.8,29.333991839833224,0.8800203998883566,0.0023777021560817957
calibration,006,00000020,RGB-HF-b0.05-s0.8,30.987706714111457,0.8515739838282267,0.0006860335706733167
calibration,006,00000040,RGB-HF-b0.05-s0.8,29.824465584946424,0.8261205752690634,0.00081064976984635
calibration,006,00000060,RGB-HF-b0.05-s0.8,30.255977387324826,0.8334717949231466,0.0007880862103775144
calibration,006,00000080,RGB-HF-b0.05-s0.8,27.399469456322613,0.7543149391810099,0.0013791517121717334
calibration,010,00000020,RGB-HF-b0.05-s0.8,32.084057015987185,0.889610230922699,0.0007593323825858533
calibration,010,00000040,RGB-HF-b0.05-s0.8,31.339339659067335,0.8725379705429077,0.0007099926006048918
calibration,010,00000060,RGB-HF-b0.05-s0.8,30.91883748006743,0.8669179479281107,0.0006998681928962469
calibration,010,00000080,RGB-HF-b0.05-s0.8,31.282933044917417,0.8776745994885763,0.0007287755142897367
calibration,011,00000020,RGB-HF-b0.05-s0.8,24.565385190913393,0.6897148688634237,0.0020159557461738586
calibration,011,00000040,RGB-HF-b0.05-s0.8,23.89005302203344,0.6587982575098673,0.002031868090853095
calibration,011,00000060,RGB-HF-b0.05-s0.8,22.98668719478478,0.6164289315541586,0.0019709612242877483
calibration,011,00000080,RGB-HF-b0.05-s0.8,22.7408536489435,0.6180534760157267,0.0018017035908997059
calibration,000,00000020,RGB-HF-b0.10-s0.3,27.33662823986088,0.7373724778493246,0.0013566187117248774
calibration,000,00000040,RGB-HF-b0.10-s0.3,27.00675279104168,0.7757409413655599,0.0015312458854168653
calibration,000,00000060,RGB-HF-b0.10-s0.3,27.384305536157235,0.7835182348887125,0.0018789507448673248
calibration,000,00000080,RGB-HF-b0.10-s0.3,27.131041104059666,0.7797746260960897,0.001720016822218895
calibration,003,00000020,RGB-HF-b0.10-s0.3,31.4411253691236,0.9133157134056091,0.0017668255604803562
calibration,003,00000040,RGB-HF-b0.10-s0.3,30.594081165904786,0.9028810262680054,0.0015275629702955484
calibration,003,00000060,RGB-HF-b0.10-s0.3,29.96854322334379,0.890177845954895,0.0019305561436340213
calibration,003,00000080,RGB-HF-b0.10-s0.3,29.32404885151108,0.8797802130381266,0.002375307260081172
calibration,006,00000020,RGB-HF-b0.10-s0.3,30.986462889905116,0.8515569567680359,0.000684056431055069
calibration,006,00000040,RGB-HF-b0.10-s0.3,29.821204831480927,0.8261053562164307,0.0008060049149207771
calibration,006,00000060,RGB-HF-b0.10-s0.3,30.25123201935283,0.8333722750345866,0.0007824591593816876
calibration,006,00000080,RGB-HF-b0.10-s0.3,27.397982338396165,0.7544835805892944,0.0013742102310061455
calibration,010,00000020,RGB-HF-b0.10-s0.3,32.08371349839727,0.8895559509595236,0.0007593049667775631
calibration,010,00000040,RGB-HF-b0.10-s0.3,31.340249583592843,0.8724681536356608,0.0007081700605340302
calibration,010,00000060,RGB-HF-b0.10-s0.3,30.91717388462812,0.866791844367981,0.0006980593898333609
calibration,010,00000080,RGB-HF-b0.10-s0.3,31.282502364145728,0.8775912125905355,0.0007275896496139467
calibration,011,00000020,RGB-HF-b0.10-s0.3,24.565296952356547,0.690035363038381,0.0020151196513324976
calibration,011,00000040,RGB-HF-b0.10-s0.3,23.88940820204607,0.659122884273529,0.002031863434240222
calibration,011,00000060,RGB-HF-b0.10-s0.3,22.985300773792016,0.6168243487675985,0.001969406381249428
calibration,011,00000080,RGB-HF-b0.10-s0.3,22.739622940675698,0.6184347073237101,0.0018001323333010077
calibration,000,00000020,RGB-HF-b0.10-s0.4,27.3377573259748,0.7373533844947815,0.0013565069530159235
calibration,000,00000040,RGB-HF-b0.10-s0.4,27.007889398893536,0.7757466236750284,0.0015310781309381127
calibration,000,00000060,RGB-HF-b0.10-s0.4,27.385413581399725,0.7835352619489034,0.0018790231551975012
calibration,000,00000080,RGB-HF-b0.10-s0.4,27.131867738718416,0.7797677914301554,0.0017197515117004514
calibration,003,00000020,RGB-HF-b0.10-s0.4,31.442967432951356,0.9133886297543844,0.0017662582686170936
calibration,003,00000040,RGB-HF-b0.10-s0.4,30.594564371923603,0.902934730052948,0.0015269896248355508
calibration,003,00000060,RGB-HF-b0.10-s0.4,29.97379263488712,0.890287180741628,0.0019302236614748836
calibration,003,00000080,RGB-HF-b0.10-s0.4,29.327404534118124,0.8798798521359762,0.002375309821218252
calibration,006,00000020,RGB-HF-b0.10-s0.4,30.987197718492766,0.8515859643618265,0.0006831299979239702
calibration,006,00000040,RGB-HF-b0.10-s0.4,29.82246263505195,0.8261369268099467,0.0008053127094171941
calibration,006,00000060,RGB-HF-b0.10-s0.4,30.253004460306666,0.8334310253461202,0.0007818429730832577
calibration,006,00000080,RGB-HF-b0.10-s0.4,27.39871389011647,0.75446484486262,0.001374104875139892
calibration,010,00000020,RGB-HF-b0.10-s0.4,32.084226538247,0.8895924091339111,0.0007581308018416166
calibration,010,00000040,RGB-HF-b0.10-s0.4,31.34046367069619,0.8725140889485677,0.0007071783766150475
calibration,010,00000060,RGB-HF-b0.10-s0.4,30.91805104185024,0.8668564160664877,0.0006969973328523338
calibration,010,00000080,RGB-HF-b0.10-s0.4,31.283053289920403,0.8776400287946066,0.0007265621679835021
calibration,011,00000020,RGB-HF-b0.10-s0.4,24.56553245203859,0.6899723410606384,0.002015115926042199
calibration,011,00000040,RGB-HF-b0.10-s0.4,23.889771211044692,0.6590587695439657,0.0020318101160228252
calibration,011,00000060,RGB-HF-b0.10-s0.4,22.985844912381292,0.6167408029238383,0.0019693404901772738
calibration,011,00000080,RGB-HF-b0.10-s0.4,22.740107124611928,0.6183543006579081,0.0017999127740040421
calibration,000,00000020,RGB-HF-b0.10-s0.5,27.339404242176975,0.7372997005780538,0.0013559526996687055
calibration,000,00000040,RGB-HF-b0.10-s0.5,27.009498113466872,0.7757320205370585,0.0015306787099689245
calibration,000,00000060,RGB-HF-b0.10-s0.5,27.386866761806772,0.783539334932963,0.001878846436738968
calibration,000,00000080,RGB-HF-b0.10-s0.5,27.132886818373837,0.7797328233718872,0.001719306455925107
calibration,003,00000020,RGB-HF-b0.10-s0.5,31.445295794597932,0.9134954412778219,0.001764385960996151
calibration,003,00000040,RGB-HF-b0.10-s0.5,30.594682355404274,0.9030079245567322,0.0015262411907315254
calibration,003,00000060,RGB-HF-b0.10-s0.5,29.98250491984125,0.8904580076535543,0.00192955881357193
calibration,003,00000080,RGB-HF-b0.10-s0.5,29.332646697709563,0.8800280094146729,0.0023744332138448954
calibration,006,00000020,RGB-HF-b0.10-s0.5,30.988019630054353,0.8516175945599874,0.0006832163198851049
calibration,006,00000040,RGB-HF-b0.10-s0.5,29.82426990952618,0.8261714776357015,0.0008056622464209795
calibration,006,00000060,RGB-HF-b0.10-s0.5,30.255669841215006,0.8335116704305013,0.0007824265048839152
calibration,006,00000080,RGB-HF-b0.10-s0.5,27.399612250881347,0.7544079621632894,0.00137436599470675
calibration,010,00000020,RGB-HF-b0.10-s0.5,32.08456887083845,0.8896387418111166,0.0007579375524073839
calibration,010,00000040,RGB-HF-b0.10-s0.5,31.340292262494685,0.8725733757019043,0.0007071901927702129
calibration,010,00000060,RGB-HF-b0.10-s0.5,30.919132353024196,0.8669476310412089,0.0006969483220018446
calibration,010,00000080,RGB-HF-b0.10-s0.5,31.28350203018755,0.8777051369349161,0.0007263457519002259
calibration,011,00000020,RGB-HF-b0.10-s0.5,24.565670170300777,0.6898396015167236,0.0020137031096965075
calibration,011,00000040,RGB-HF-b0.10-s0.5,23.890161987247662,0.6589246590932211,0.002030342584475875
calibration,011,00000060,RGB-HF-b0.10-s0.5,22.986607545042858,0.6165741284688314,0.00196832069195807
calibration,011,00000080,RGB-HF-b0.10-s0.5,22.740794348021748,0.618194580078125,0.0017991815693676472
calibration,000,00000020,RGB-HF-b0.10-s0.8,27.340881025907965,0.7369975248972574,0.0013276197714731097
calibration,000,00000040,RGB-HF-b0.10-s0.8,27.010685735231455,0.7754967411359152,0.0014948322204872966
calibration,000,00000060,RGB-HF-b0.10-s0.8,27.387107205216385,0.7833445072174072,0.001834406633861363
calibration,000,00000080,RGB-HF-b0.10-s0.8,27.132265049460933,0.7794564565022787,0.0016773442039266229
calibration,003,00000020,RGB-HF-b0.10-s0.8,31.444148554749276,0.9135922988255819,0.0017191825900226831
calibration,003,00000040,RGB-HF-b0.10-s0.8,30.58946805316797,0.9030238588651022,0.001493088318966329
calibration,003,00000060,RGB-HF-b0.10-s0.8,29.998935667054756,0.8907048503557841,0.0018844333244487643
calibration,003,00000080,RGB-HF-b0.10-s0.8,29.340689491380996,0.8801854054133097,0.002322243293747306
calibration,006,00000020,RGB-HF-b0.10-s0.8,30.986886765487473,0.8515404661496481,0.0006735075148753822
calibration,006,00000040,RGB-HF-b0.10-s0.8,29.825922502954782,0.8260800639788309,0.000795910891611129
calibration,006,00000060,RGB-HF-b0.10-s0.8,30.258835363094498,0.833516538143158,0.0007729736971668899
calibration,006,00000080,RGB-HF-b0.10-s0.8,27.399091101224936,0.7540667057037354,0.0013476302847266197
calibration,010,00000020,RGB-HF-b0.10-s0.8,32.08207675091523,0.8896185159683228,0.0007436763844452798
calibration,010,00000040,RGB-HF-b0.10-s0.8,31.336265772187012,0.8725557128588358,0.0006966578075662255
calibration,010,00000060,RGB-HF-b0.10-s0.8,30.918712852283974,0.8669991691907247,0.0006870521465316415
calibration,010,00000080,RGB-HF-b0.10-s0.8,31.281309384058748,0.8777081767717997,0.0007146616117097437
calibration,011,00000020,RGB-HF-b0.10-s0.8,24.56416013720394,0.6893196304639181,0.001964675961062312
calibration,011,00000040,RGB-HF-b0.10-s0.8,23.889508236967902,0.6584008932113647,0.0019790318328887224
calibration,011,00000060,RGB-HF-b0.10-s0.8,22.987157077534878,0.6159695784250895,0.0019221993861719966
calibration,011,00000080,RGB-HF-b0.10-s0.8,22.74128854711308,0.6176145275433859,0.0017589654307812452
calibration,000,00000020,RGB-HF-b0.20-s0.3,27.336754470422736,0.7373709082603455,0.001356600085273385
calibration,000,00000040,RGB-HF-b0.20-s0.3,27.006883239627374,0.7757420937220255,0.0015311863971874118
calibration,000,00000060,RGB-HF-b0.20-s0.3,27.384433160146187,0.7835205396016439,0.001879007206298411
calibration,000,00000080,RGB-HF-b0.20-s0.3,27.131139299499438,0.7797744870185852,0.0017199346330016851
calibration,003,00000020,RGB-HF-b0.20-s0.3,31.441336032340995,0.9133238792419434,0.0017666001804172993
calibration,003,00000040,RGB-HF-b0.20-s0.3,30.59414754195054,0.902886966864268,0.0015272500459104776
calibration,003,00000060,RGB-HF-b0.20-s0.3,29.969111954634144,0.8901897072792053,0.0019304492743685842
calibration,003,00000080,RGB-HF-b0.20-s0.3,29.324414508881055,0.8797910809516907,0.00237533962354064
calibration,006,00000020,RGB-HF-b0.20-s0.3,30.986548550048077,0.8515605330467224,0.0006837504333816469
calibration,006,00000040,RGB-HF-b0.20-s0.3,29.82134602507269,0.8261090715726217,0.0008058379753492773
calibration,006,00000060,RGB-HF-b0.20-s0.3,30.251427016738948,0.8333789110183716,0.0007822210318408906
calibration,006,00000080,RGB-HF-b0.20-s0.3,27.39806370840761,0.7544820110003153,0.0013742237351834774
calibration,010,00000020,RGB-HF-b0.20-s0.3,32.08377803351732,0.8895600636800131,0.0007588593289256096
calibration,010,00000040,RGB-HF-b0.20-s0.3,31.340284690400853,0.8724734385808309,0.0007078200578689575
calibration,010,00000060,RGB-HF-b0.20-s0.3,30.917278796918943,0.8667990366617838,0.0006976778386160731
calibration,010,00000080,RGB-HF-b0.20-s0.3,31.282570971314083,0.8775967160860697,0.0007272213697433472
calibration,011,00000020,RGB-HF-b0.20-s0.3,24.565327329362283,0.690029243628184,0.002015183214098215
calibration,011,00000040,RGB-HF-b0.20-s0.3,23.889450790889533,0.6591161886850992,0.0020319256000220776
calibration,011,00000060,RGB-HF-b0.20-s0.3,22.98536270482736,0.6168157259623209,0.001969424309208989
calibration,011,00000080,RGB-HF-b0.20-s0.3,22.739676905129084,0.6184264421463013,0.0018001238349825144
calibration,000,00000020,RGB-HF-b0.20-s0.4,27.33886067982641,0.7373267213503519,0.0013563005486503243
calibration,000,00000040,RGB-HF-b0.20-s0.4,27.008983645921308,0.7757463455200195,0.0015309626469388604
calibration,000,00000060,RGB-HF-b0.20-s0.4,27.386435215895265,0.7835471630096436,0.0018789179157465696
calibration,000,00000080,RGB-HF-b0.20-s0.4,27.132603615107378,0.7797540624936422,0.0017196644330397248
calibration,003,00000020,RGB-HF-b0.20-s0.4,31.44462447795214,0.9134624600410461,0.0017658773576840758
calibration,003,00000040,RGB-HF-b0.20-s0.4,30.59481976526721,0.902988056341807,0.0015267881099134684
calibration,003,00000060,RGB-HF-b0.20-s0.4,29.979316587540133,0.8904015024503072,0.0019300665007904172
calibration,003,00000080,RGB-HF-b0.20-s0.4,29.330816551264487,0.8799820144971212,0.002375141717493534
calibration,006,00000020,RGB-HF-b0.20-s0.4,30.987830481413926,0.8516131440798441,0.0006831325008533895
calibration,006,00000040,RGB-HF-b0.20-s0.4,29.823691189162407,0.8261667490005493,0.000805290590506047
calibration,006,00000060,RGB-HF-b0.20-s0.4,30.25478807952208,0.8334909280141195,0.0007818067097105086
calibration,006,00000080,RGB-HF-b0.20-s0.4,27.399363335781235,0.7544376651446024,0.0013741063885390759
calibration,010,00000020,RGB-HF-b0.20-s0.4,32.084590931381996,0.8896281321843466,0.0007580882520414889
calibration,010,00000040,RGB-HF-b0.20-s0.4,31.340513924182286,0.8725598851839701,0.0007071542204357684
calibration,010,00000060,RGB-HF-b0.20-s0.4,30.918860906741827,0.8669228951136271,0.000696948089171201
calibration,010,00000080,RGB-HF-b0.20-s0.4,31.283481987051648,0.8776889443397522,0.0007265514577738941
calibration,011,00000020,RGB-HF-b0.20-s0.4,24.56567942882801,0.6898968815803528,0.0020147894974797964
calibration,011,00000040,RGB-HF-b0.20-s0.4,23.89006986193339,0.6589824358622233,0.0020315111614763737
calibration,011,00000060,RGB-HF-b0.20-s0.4,22.986366995599266,0.6166443427403768,0.0019692115020006895
calibration,011,00000080,RGB-HF-b0.20-s0.4,22.74057387733723,0.6182616949081421,0.001799733261577785
calibration,000,00000020,RGB-HF-b0.20-s0.5,27.341273805021995,0.7371865113576254,0.0013381061144173145
calibration,000,00000040,RGB-HF-b0.20-s0.5,27.01120751778766,0.7756782174110413,0.001507474109530449
calibration,000,00000060,RGB-HF-b0.20-s0.5,27.38811122799078,0.7835134665171305,0.0018500623991712928
calibration,000,00000080,RGB-HF-b0.20-s0.5,27.13354421374582,0.7796435356140137,0.0016938173212110996
calibration,003,00000020,RGB-HF-b0.20-s0.5,31.446920923307008,0.9136348168055216,0.0017366824904456735
calibration,003,00000040,RGB-HF-b0.20-s0.5,30.59333631653329,0.903097132841746,0.0015054687391966581
calibration,003,00000060,RGB-HF-b0.20-s0.5,29.994967081328095,0.8907022873560587,0.00190076045691967
calibration,003,00000080,RGB-HF-b0.20-s0.5,29.339421739950104,0.8802302678426107,0.0023414157330989838
calibration,006,00000020,RGB-HF-b0.20-s0.5,30.988363355801404,0.8516449133555094,0.0006769758183509111
calibration,006,00000040,RGB-HF-b0.20-s0.5,29.826305267814828,0.8262016773223877,0.0007980839582160115
calibration,006,00000060,RGB-HF-b0.20-s0.5,30.259043581984614,0.8336158990859985,0.0007748185307718813
calibration,006,00000080,RGB-HF-b0.20-s0.5,27.400175418384215,0.7542823751767477,0.0013573653995990753
calibration,010,00000020,RGB-HF-b0.20-s0.5,32.08401616823921,0.8896911342938741,0.0007500426727347076
calibration,010,00000040,RGB-HF-b0.20-s0.5,31.339024464924513,0.87264484167099,0.0007003246573731303
calibration,010,00000060,RGB-HF-b0.20-s0.5,30.920029589644194,0.8670735359191895,0.0006899820873513818
calibration,010,00000080,RGB-HF-b0.20-s0.5,31.283265934713622,0.8777865370114645,0.0007186147850006819
calibration,011,00000020,RGB-HF-b0.20-s0.5,24.56528046207098,0.689594546953837,0.0019826730713248253
calibration,011,00000040,RGB-HF-b0.20-s0.5,23.890232816103012,0.6586786309878031,0.0019973735325038433
calibration,011,00000060,RGB-HF-b0.20-s0.5,22.98740531522951,0.6162808736165365,0.0019391740206629038
calibration,011,00000080,RGB-HF-b0.20-s0.5,22.741526162849233,0.617915133635203,0.0017739665927365422
calibration,000,00000020,RGB-HF-b0.20-s0.8,27.338334990435634,0.7363755901654562,0.0012415316887199879
calibration,000,00000040,RGB-HF-b0.20-s0.8,27.006904558445783,0.774967610836029,0.0013935770839452744
calibration,000,00000060,RGB-HF-b0.20-s0.8,27.380289373412772,0.7828634182612101,0.001707299961708486
calibration,000,00000080,RGB-HF-b0.20-s0.8,27.124969836742263,0.7788419127464294,0.0015595651930198073
calibration,003,00000020,RGB-HF-b0.20-s0.8,31.429276353239587,0.913580060005188,0.0016052860300987959
calibration,003,00000040,RGB-HF-b0.20-s0.8,30.571782705620812,0.9029063582420349,0.0013973582535982132
calibration,003,00000060,RGB-HF-b0.20-s0.8,30.016178792467333,0.8909502029418945,0.0017616312252357602
calibration,003,00000080,RGB-HF-b0.20-s0.8,29.343200027429795,0.8802550037701925,0.002182221971452236
calibration,006,00000020,RGB-HF-b0.20-s0.8,30.978802824826943,0.8513097961743673,0.0006324312998913229
calibration,006,00000040,RGB-HF-b0.20-s0.8,29.823000418420555,0.8258190353711446,0.0007475718739442527
calibration,006,00000060,RGB-HF-b0.20-s0.8,30.25828803115061,0.8334194620450338,0.0007244876469485462
calibration,006,00000080,RGB-HF-b0.20-s0.8,27.392469392652607,0.7533359527587891,0.0012574821012094617
calibration,010,00000020,RGB-HF-b0.20-s0.8,32.07097150483929,0.8894827564557394,0.0006965928478166461
calibration,010,00000040,RGB-HF-b0.20-s0.8,31.323548592042066,0.872417132059733,0.0006546485237777233
calibration,010,00000060,RGB-HF-b0.20-s0.8,30.912792937423287,0.8670020699501038,0.0006463927566073835
calibration,010,00000080,RGB-HF-b0.20-s0.8,31.271693301031327,0.8776081403096517,0.0006708118598908186
calibration,011,00000020,RGB-HF-b0.20-s0.8,24.557671238240136,0.6883229811986288,0.0018323282711207867
calibration,011,00000040,RGB-HF-b0.20-s0.8,23.884725482464777,0.6574047009150187,0.001846690196543932
calibration,011,00000060,RGB-HF-b0.20-s0.8,22.985165252464284,0.6148831248283386,0.0017963801510632038
calibration,011,00000080,RGB-HF-b0.20-s0.8,22.739601659103798,0.6165877978006998,0.0016460447805002332
calibration,000,00000020,RGB-HF-b0.30-s0.3,27.336878787837485,0.7373692393302917,0.0013565497938543558
calibration,000,00000040,RGB-HF-b0.30-s0.3,27.007012676921747,0.7757431070009867,0.001531123765744269
calibration,000,00000060,RGB-HF-b0.30-s0.3,27.384558019348265,0.7835229833920797,0.0018789996393024921
calibration,000,00000080,RGB-HF-b0.30-s0.3,27.13123279615708,0.7797742486000061,0.0017198182176798582
calibration,003,00000020,RGB-HF-b0.30-s0.3,31.441547410388107,0.9133319854736328,0.0017664137994870543
calibration,003,00000040,RGB-HF-b0.30-s0.3,30.59420986099545,0.9028933644294739,0.0015270460862666368
calibration,003,00000060,RGB-HF-b0.30-s0.3,29.969677748005704,0.8902017871538798,0.001930316793732345
calibration,003,00000080,RGB-HF-b0.30-s0.3,29.324783226538376,0.8798024455706278,0.0023752772249281406
calibration,006,00000020,RGB-HF-b0.30-s0.3,30.9866357982268,0.8515637119611105,0.0006834407104179263
calibration,006,00000040,RGB-HF-b0.30-s0.3,29.82148722325494,0.8261125286420187,0.0008055786020122468
calibration,006,00000060,RGB-HF-b0.30-s0.3,30.251624165854075,0.8333856463432312,0.0007820340106263757
calibration,006,00000080,RGB-HF-b0.30-s0.3,27.398147857156083,0.7544805208841959,0.0013741622678935528
calibration,010,00000020,RGB-HF-b0.30-s0.3,32.083840118841664,0.8895642956097921,0.0007584274280816317
calibration,010,00000040,RGB-HF-b0.30-s0.3,31.340315323043605,0.8724789619445801,0.000707443046849221
calibration,010,00000060,RGB-HF-b0.30-s0.3,30.91737840349274,0.8668065468470255,0.0006972620612941682
calibration,010,00000080,RGB-HF-b0.30-s0.3,31.28263686238716,0.8776024381319681,0.0007268484914675355
calibration,011,00000020,RGB-HF-b0.30-s0.3,24.565358863812055,0.6900228063265482,0.00201512617059052
calibration,011,00000040,RGB-HF-b0.30-s0.3,23.889493380150647,0.6591097315152487,0.002031863434240222
calibration,011,00000060,RGB-HF-b0.30-s0.3,22.98542383242957,0.6168073018391927,0.001969373319298029
calibration,011,00000080,RGB-HF-b0.30-s0.3,22.73973277044567,0.6184183160463969,0.0017999933334067464
calibration,000,00000020,RGB-HF-b0.30-s0.4,27.339817438910707,0.7372945745786031,0.0013544057728722692
calibration,000,00000040,RGB-HF-b0.30-s0.4,27.00990749643667,0.7757394909858704,0.001528215711005032
calibration,000,00000060,RGB-HF-b0.30-s0.4,27.387244053377575,0.7835519909858704,0.0018763428088277578
calibration,000,00000080,RGB-HF-b0.30-s0.4,27.133148614941,0.7797335386276245,0.001717348350211978
calibration,003,00000020,RGB-HF-b0.30-s0.4,31.445883634455875,0.9135291775067648,0.0017621670849621296
calibration,003,00000040,RGB-HF-b0.30-s0.4,30.594783528066923,0.9030351440111796,0.0015245034592226148
calibration,003,00000060,RGB-HF-b0.30-s0.4,29.98453571914492,0.8905085523923238,0.0019275220111012459
calibration,003,00000080,RGB-HF-b0.30-s0.4,29.333906400944187,0.8800758123397827,0.0023718790616840124
calibration,006,00000020,RGB-HF-b0.30-s0.4,30.98826940774325,0.851634164651235,0.0006827967008575797
calibration,006,00000040,RGB-HF-b0.30-s0.4,29.824747217652426,0.8261905113855997,0.0008048058953136206
calibration,006,00000060,RGB-HF-b0.30-s0.4,30.256388734125874,0.8335438370704651,0.0007813189877197146
calibration,006,00000080,RGB-HF-b0.30-s0.4,27.399845343915405,0.7544030348459879,0.0013728837948292494
calibration,010,00000020,RGB-HF-b0.30-s0.4,32.084738413079556,0.8896583716074625,0.000757656351197511
calibration,010,00000040,RGB-HF-b0.30-s0.4,31.340367295774453,0.8725993235905966,0.0007067408296279609
calibration,010,00000060,RGB-HF-b0.30-s0.4,30.91950065997438,0.8669835130373637,0.0006961390026845038
calibration,010,00000080,RGB-HF-b0.30-s0.4,31.283719113467114,0.8777319192886353,0.000725746969692409
calibration,011,00000020,RGB-HF-b0.30-s0.4,24.56570922984655,0.689815104007721,0.002010895172134042
calibration,011,00000040,RGB-HF-b0.30-s0.4,23.890265011419135,0.6588998238245646,0.002027275273576379
calibration,011,00000060,RGB-HF-b0.30-s0.4,22.986807476709124,0.6165424386660258,0.0019655211362987757
calibration,011,00000080,RGB-HF-b0.30-s0.4,22.74097111277511,0.6181639631589254,0.0017969105392694473
calibration,000,00000020,RGB-HF-b0.30-s0.5,27.34211594668317,0.7370340625445048,0.0013063665246590972
calibration,000,00000040,RGB-HF-b0.30-s0.5,27.0117522301384,0.7755781014760336,0.0014684463385492563
calibration,000,00000060,RGB-HF-b0.30-s0.5,27.3878981585022,0.7834375301996866,0.001801240025088191
calibration,000,00000080,RGB-HF-b0.30-s0.5,27.132922089446552,0.7795074383417765,0.0016482769278809428
calibration,003,00000020,RGB-HF-b0.30-s0.5,31.445779601811815,0.9137254357337952,0.0016928932163864374
calibration,003,00000040,RGB-HF-b0.30-s0.5,30.589983757724298,0.9031418363253275,0.0014695862773805857
calibration,003,00000060,RGB-HF-b0.30-s0.5,30.00534509609929,0.8908981283505758,0.001854175585322082
calibration,003,00000080,RGB-HF-b0.30-s0.5,29.343991116526755,0.8803754448890686,0.0022865096107125282
calibration,006,00000020,RGB-HF-b0.30-s0.5,30.98740143651184,0.8516361514727274,0.0006627028924413025
calibration,006,00000040,RGB-HF-b0.30-s0.5,29.827173414158064,0.8261925180753072,0.0007817948935553432
calibration,006,00000060,RGB-HF-b0.30-s0.5,30.261148065318135,0.8336790800094604,0.0007582390680909157
calibration,006,00000080,RGB-HF-b0.30-s0.5,27.399581413526633,0.7541076938311259,0.0013243969297036529
calibration,010,00000020,RGB-HF-b0.30-s0.5,32.08198488591961,0.8897091348965963,0.0007325389888137579
calibration,010,00000040,RGB-HF-b0.30-s0.5,31.336417076489443,0.872676948706309,0.0006855156971141696
calibration,010,00000060,RGB-HF-b0.30-s0.5,30.91976027422577,0.8671626249949137,0.0006758129457011819
calibration,010,00000080,RGB-HF-b0.30-s0.5,31.281722288559806,0.8778299689292908,0.0007037389441393316
calibration,011,00000020,RGB-HF-b0.30-s0.5,24.564092169135563,0.689306894938151,0.0019325338071212173
calibration,011,00000040,RGB-HF-b0.30-s0.5,23.889579055161988,0.6583914359410604,0.0019473499851301312
calibration,011,00000060,RGB-HF-b0.30-s0.5,22.987629827665344,0.6159533063570658,0.001891763648018241
calibration,011,00000080,RGB-HF-b0.30-s0.5,22.741760749856788,0.617604931195577,0.0017323661595582962
calibration,000,00000020,RGB-HF-b0.30-s0.8,27.32887278647382,0.7355071107546488,0.0011572763323783875
calibration,000,00000040,RGB-HF-b0.30-s0.8,26.995291669729657,0.7741505901018778,0.001296922331675887
calibration,000,00000060,RGB-HF-b0.30-s0.8,27.363778724639324,0.7820701201756796,0.0015860976418480277
calibration,000,00000080,RGB-HF-b0.30-s0.8,27.10910784259856,0.7779291868209839,0.0014479663223028183
calibration,003,00000020,RGB-HF-b0.30-s0.8,31.396488539325702,0.9132686853408813,0.0014967856695875525
calibration,003,00000040,RGB-HF-b0.30-s0.8,30.541126637209462,0.902521014213562,0.0013047972461208701
calibration,003,00000060,RGB-HF-b0.30-s0.8,30.019543621975913,0.8908998370170593,0.0016442913329228759
calibration,003,00000080,RGB-HF-b0.30-s0.8,29.33118928027559,0.8799766898155212,0.0020493108313530684
calibration,006,00000020,RGB-HF-b0.30-s0.8,30.96216724988745,0.8508601784706116,0.0005913240602239966
calibration,006,00000040,RGB-HF-b0.30-s0.8,29.812302897998105,0.8253170053164164,0.000698369403835386
calibration,006,00000060,RGB-HF-b0.30-s0.8,30.249386406331837,0.833072304725647,0.0006742621189914644
calibration,006,00000080,RGB-HF-b0.30-s0.8,27.378067608111518,0.7522905468940735,0.0011701986659318209
calibration,010,00000020,RGB-HF-b0.30-s0.8,32.05039796270019,0.8891437451044718,0.0006497191498056054
calibration,010,00000040,RGB-HF-b0.30-s0.8,31.302145118333392,0.8720472852389017,0.0006120102480053902
calibration,010,00000060,RGB-HF-b0.30-s0.8,30.89934256984175,0.8667916258176168,0.0006041799788363278
calibration,010,00000080,RGB-HF-b0.30-s0.8,31.25364239580081,0.8772844274838766,0.0006255965563468635
calibration,011,00000020,RGB-HF-b0.30-s0.8,24.545827118572497,0.6870509584744772,0.0017071805195882916
calibration,011,00000040,RGB-HF-b0.30-s0.8,23.875030137316674,0.6561393539110819,0.0017224578186869621
calibration,011,00000060,RGB-HF-b0.30-s0.8,22.97926392353677,0.6135727564493815,0.0016756309196352959
calibration,011,00000080,RGB-HF-b0.30-s0.8,22.734505446194877,0.6153616507848104,0.0015375418588519096
calibration,000,00000020,RGB-HF-b0.40-s0.3,27.337003382649605,0.7373675306638082,0.0013565465342253447
calibration,000,00000040,RGB-HF-b0.40-s0.3,27.007132473306093,0.7757440606753031,0.0015311286551877856
calibration,000,00000060,RGB-HF-b0.40-s0.3,27.384682328416954,0.7835249304771423,0.0018790130270645022
calibration,000,00000080,RGB-HF-b0.40-s0.3,27.131326817172194,0.7797736724217733,0.0017198229907080531
calibration,003,00000020,RGB-HF-b0.40-s0.3,31.44175527550058,0.9133400519688925,0.0017663968028500676
calibration,003,00000040,RGB-HF-b0.40-s0.3,30.59426986203714,0.9028991262118021,0.0015270503936335444
calibration,003,00000060,RGB-HF-b0.40-s0.3,29.970236083108347,0.8902137478192648,0.001930315513163805
calibration,003,00000080,RGB-HF-b0.40-s0.3,29.325147647281543,0.8798133929570516,0.002375268144533038
calibration,006,00000020,RGB-HF-b0.40-s0.3,30.986717019924875,0.8515673478444418,0.0006834378000348806
calibration,006,00000040,RGB-HF-b0.40-s0.3,29.821625029343828,0.8261164824167887,0.0008055850048549473
calibration,006,00000060,RGB-HF-b0.40-s0.3,30.251816769895562,0.8333922227223715,0.0007820354076102376
calibration,006,00000080,RGB-HF-b0.40-s0.3,27.398232562988504,0.7544790506362915,0.001374158076941967
calibration,010,00000020,RGB-HF-b0.40-s0.3,32.08390302198333,0.8895684083302816,0.0007584253908134997
calibration,010,00000040,RGB-HF-b0.40-s0.3,31.3403452675212,0.872484028339386,0.0007074418244883418
calibration,010,00000060,RGB-HF-b0.40-s0.3,30.91747395301127,0.8668136397997538,0.0006972508854232728
calibration,010,00000080,RGB-HF-b0.40-s0.3,31.28270241480752,0.8776081005732218,0.0007268415065482259
calibration,011,00000020,RGB-HF-b0.40-s0.3,24.565384033674817,0.6900163491566976,0.0020151345524936914
calibration,011,00000040,RGB-HF-b0.40-s0.3,23.889533988904866,0.6591033140818278,0.002031870186328888
calibration,011,00000060,RGB-HF-b0.40-s0.3,22.98548375440104,0.6167985796928406,0.0019693803042173386
calibration,011,00000080,RGB-HF-b0.40-s0.3,22.739782935832125,0.6184101899464926,0.0017999957781285048
calibration,000,00000020,RGB-HF-b0.40-s0.4,27.340618187987666,0.7372562885284424,0.0013491051504388452
calibration,000,00000040,RGB-HF-b0.40-s0.4,27.010659825560104,0.7757253249486288,0.0015210025012493134
calibration,000,00000060,RGB-HF-b0.40-s0.4,27.387845516155743,0.7835487127304077,0.0018671577563509345
calibration,000,00000080,RGB-HF-b0.40-s0.4,27.1335089376202,0.7797054251035055,0.0017095658695325255
calibration,003,00000020,RGB-HF-b0.40-s0.4,31.446731505255066,0.9135881463686625,0.0017532393103465438
calibration,003,00000040,RGB-HF-b0.40-s0.4,30.594451899255457,0.9030751585960388,0.001517836470156908
calibration,003,00000060,RGB-HF-b0.40-s0.4,29.989454469197774,0.890608012676239,0.0019184419652447104
calibration,003,00000080,RGB-HF-b0.40-s0.4,29.33667469516748,0.8801610668500265,0.0023618938867002726
calibration,006,00000020,RGB-HF-b0.40-s0.4,30.988515708323927,0.8516500194867452,0.0006810952327214181
calibration,006,00000040,RGB-HF-b0.40-s0.4,29.82562719474661,0.8262078960736593,0.0008026777650229633
calibration,006,00000060,RGB-HF-b0.40-s0.4,30.25779736914017,0.8335906664530436,0.0007792188553139567
calibration,006,00000080,RGB-HF-b0.40-s0.4,27.40015902520495,0.7543614109357198,0.0013680073898285627
calibration,010,00000020,RGB-HF-b0.40-s0.4,32.08466977831472,0.8896838227907816,0.0007557467906735837
calibration,010,00000040,RGB-HF-b0.40-s0.4,31.340020363763315,0.8726328214009603,0.000704862701240927
calibration,010,00000060,RGB-HF-b0.40-s0.4,30.91996491492833,0.8670384685198466,0.00069417868508026
calibration,010,00000080,RGB-HF-b0.40-s0.4,31.28376429804925,0.8777691721916199,0.0007236855453811586
calibration,011,00000020,RGB-HF-b0.40-s0.4,24.56562619256596,0.6897268891334534,0.0020008457358926535
calibration,011,00000040,RGB-HF-b0.40-s0.4,23.89035317827579,0.6588111917177836,0.0020164446905255318
calibration,011,00000060,RGB-HF-b0.40-s0.4,22.98716069840414,0.6164353489875793,0.0019560866057872772
calibration,011,00000080,RGB-HF-b0.40-s0.4,22.741292348862522,0.6180618405342102,0.001788550172932446
calibration,000,00000020,RGB-HF-b0.40-s0.5,27.341928424446404,0.73684295018514,0.0012713694013655186
calibration,000,00000040,RGB-HF-b0.40-s0.5,27.01112571521021,0.7754318118095398,0.0014272400876507163
calibration,000,00000060,RGB-HF-b0.40-s0.5,27.386234968783473,0.7833113869031271,0.0017496522050350904
calibration,000,00000080,RGB-HF-b0.40-s0.5,27.131018122468845,0.7793238957722982,0.0016005000798031688
calibration,003,00000020,RGB-HF-b0.40-s0.5,31.441875419026264,0.9137672384579977,0.0016466215020045638
calibration,003,00000040,RGB-HF-b0.40-s0.5,30.58462411541051,0.9031419356664022,0.0014310235856100917
calibration,003,00000060,RGB-HF-b0.40-s0.5,30.013617320399145,0.8910451531410217,0.00180445471778512
calibration,003,00000080,RGB-HF-b0.40-s0.5,29.34634524152132,0.8804635008176168,0.0022297180257737637
calibration,006,00000020,RGB-HF-b0.40-s0.5,30.98513949677411,0.8515905141830444,0.000646206783130765
calibration,006,00000040,RGB-HF-b0.40-s0.5,29.8268673326862,0.8261438409487406,0.0007620631949976087
calibration,006,00000060,RGB-HF-b0.40-s0.5,30.261980638963657,0.833700160185496,0.0007382363546639681
calibration,006,00000080,RGB-HF-b0.40-s0.5,27.397828211665953,0.7538836797078451,0.0012877832632511854
calibration,010,00000020,RGB-HF-b0.40-s0.5,32.07847628129065,0.8896923462549845,0.000713673944119364
calibration,010,00000040,RGB-HF-b0.40-s0.5,31.33246907267887,0.8726699749628702,0.0006687928107567132
calibration,010,00000060,RGB-HF-b0.40-s0.5,30.918326185331836,0.8672143618265787,0.0006593402358703315
calibration,010,00000080,RGB-HF-b0.40-s0.5,31.278874181991977,0.8778351147969564,0.0006857023108750582
calibration,011,00000020,RGB-HF-b0.40-s0.5,24.562109704956217,0.6889761487642924,0.0018793754279613495
calibration,011,00000040,RGB-HF-b0.40-s0.5,23.888201031564485,0.658062219619751,0.0018936943961307406
calibration,011,00000060,RGB-HF-b0.40-s0.5,22.987283005094564,0.6155908107757568,0.0018408510368317366
calibration,011,00000080,RGB-HF-b0.40-s0.5,22.74149878885385,0.6172637343406677,0.0016873040003702044
calibration,000,00000020,RGB-HF-b0.40-s0.8,27.31254029844877,0.7343911925951639,0.0010808877414092422
calibration,000,00000040,RGB-HF-b0.40-s0.8,26.975936380740457,0.7730451027552286,0.0012093855766579509
calibration,000,00000060,RGB-HF-b0.40-s0.8,27.33767981686535,0.7809631625811259,0.001475980505347252
calibration,000,00000080,RGB-HF-b0.40-s0.8,27.08476918151505,0.7767180800437927,0.0013465220108628273
calibration,003,00000020,RGB-HF-b0.40-s0.8,31.346192870276397,0.9126582940419515,0.0013974950416013598
calibration,003,00000040,RGB-HF-b0.40-s0.8,30.497781532327565,0.9018676479657491,0.0012201062636449933
calibration,003,00000060,RGB-HF-b0.40-s0.8,30.008997403174572,0.8905529578526815,0.001536797033622861
calibration,003,00000080,RGB-HF-b0.40-s0.8,29.304800386217007,0.8793515165646871,0.0019288999028503895
calibration,006,00000020,RGB-HF-b0.40-s0.8,30.937075073005687,0.8501909573872884,0.0005543160368688405
calibration,006,00000040,RGB-HF-b0.40-s0.8,29.793893468846065,0.8245732188224792,0.0006531898980028927
calibration,006,00000060,RGB-HF-b0.40-s0.8,30.232187023567093,0.832473635673523,0.0006281074602156878
calibration,006,00000080,RGB-HF-b0.40-s0.8,27.35596230215901,0.7509310046831766,0.0010915910825133324
calibration,010,00000020,RGB-HF-b0.40-s0.8,32.020495683001954,0.8886017998059591,0.0006068862858228385
calibration,010,00000040,RGB-HF-b0.40-s0.8,31.272181528467087,0.8714465896288554,0.0005731959245167673
calibration,010,00000060,RGB-HF-b0.40-s0.8,30.878424962041255,0.8663663069407145,0.0005644119228236377
calibration,010,00000080,RGB-HF-b0.40-s0.8,31.227261734676258,0.8767368594805399,0.0005837474018335342
calibration,011,00000020,RGB-HF-b0.40-s0.8,24.528672622325796,0.6855041186014811,0.0015935561386868358
calibration,011,00000040,RGB-HF-b0.40-s0.8,23.860459941676176,0.6546056469281515,0.001610663952305913
calibration,011,00000060,RGB-HF-b0.40-s0.8,22.969473807320643,0.6120386521021525,0.001567372353747487
calibration,011,00000080,RGB-HF-b0.40-s0.8,22.726010755060827,0.6139361461003622,0.0014398859348148108
calibration,000,00000020,RGB-HF-b0.50-s0.3,27.337125516418208,0.7373656431833903,0.00135650928132236
calibration,000,00000040,RGB-HF-b0.50-s0.3,27.00725684169263,0.7757448156674703,0.0015311206225305796
calibration,000,00000060,RGB-HF-b0.50-s0.3,27.384802764872575,0.7835267980893453,0.001879014540463686
calibration,000,00000080,RGB-HF-b0.50-s0.3,27.131415616666608,0.7797732353210449,0.0017198249697685242
calibration,003,00000020,RGB-HF-b0.50-s0.3,31.44195610378732,0.9133480191230774,0.0017662921454757452
calibration,003,00000040,RGB-HF-b0.50-s0.3,30.594329574041698,0.902905285358429,0.001526994165033102
calibration,003,00000060,RGB-HF-b0.50-s0.3,29.970797503182148,0.8902254303296407,0.0019302618457004428
calibration,003,00000080,RGB-HF-b0.50-s0.3,29.325507337168425,0.8798244198163351,0.002375274198129773
calibration,006,00000020,RGB-HF-b0.50-s0.3,30.98680173323615,0.851570705572764,0.0006833503139205277
calibration,006,00000040,RGB-HF-b0.50-s0.3,29.821763325061408,0.8261202971140543,0.0008054865757003427
calibration,006,00000060,RGB-HF-b0.50-s0.3,30.252009114583693,0.8333989381790161,0.000781981972977519
calibration,006,00000080,RGB-HF-b0.50-s0.3,27.398311438101516,0.7544774611790975,0.001374128507450223
calibration,010,00000020,RGB-HF-b0.50-s0.3,32.083963066741205,0.8895724415779114,0.0007583224796690047
calibration,010,00000040,RGB-HF-b0.50-s0.3,31.340372458662472,0.8724890351295471,0.00070735695771873
calibration,010,00000060,RGB-HF-b0.50-s0.3,30.91757637443742,0.866820752620697,0.0006971412221901119
calibration,010,00000080,RGB-HF-b0.50-s0.3,31.282766609587416,0.8776132265726725,0.0007267253822647035
calibration,011,00000020,RGB-HF-b0.50-s0.3,24.56541151817433,0.6900100111961365,0.002015121281147003
calibration,011,00000040,RGB-HF-b0.50-s0.3,23.8895745980388,0.659096916516622,0.0020318429451435804
calibration,011,00000060,RGB-HF-b0.50-s0.3,22.9855436771993,0.6167900363604227,0.0019693467766046524
calibration,011,00000080,RGB-HF-b0.50-s0.3,22.739835382082994,0.6184017062187195,0.001799992984160781
calibration,000,00000020,RGB-HF-b0.50-s0.4,27.341273805021995,0.7372121214866638,0.0013399070594459772
calibration,000,00000040,RGB-HF-b0.50-s0.4,27.011241560308083,0.7757042447725931,0.0015095091657713056
calibration,000,00000060,RGB-HF-b0.50-s0.4,27.388227603256695,0.7835384209950765,0.0018528631189838052
calibration,000,00000080,RGB-HF-b0.50-s0.4,27.13368479848537,0.7796700994173685,0.0016966626280918717
calibration,003,00000020,RGB-HF-b0.50-s0.4,31.447174199085563,0.9136404395103455,0.0017397997435182333
calibration,003,00000040,RGB-HF-b0.50-s0.4,30.59382610582312,0.9031081994374593,0.0015077851712703705
calibration,003,00000060,RGB-HF-b0.50-s0.4,29.9940692845789,0.8907003204027811,0.0019040912156924605
calibration,003,00000080,RGB-HF-b0.50-s0.4,29.3391225542095,0.8802374998728434,0.0023448634892702103
calibration,006,00000020,RGB-HF-b0.50-s0.4,30.988568398148434,0.8516600131988525,0.0006776856607757509
calibration,006,00000040,RGB-HF-b0.50-s0.4,29.82633587103035,0.8262189626693726,0.0007985872216522694
calibration,006,00000060,RGB-HF-b0.50-s0.4,30.25902104234458,0.8336306611696879,0.0007751444936729968
calibration,006,00000080,RGB-HF-b0.50-s0.4,27.40029850813062,0.7543118596076965,0.0013591202441602945
calibration,010,00000020,RGB-HF-b0.50-s0.4,32.08438381180275,0.8897032141685486,0.0007514130556955934
calibration,010,00000040,RGB-HF-b0.50-s0.4,31.33948005858237,0.872660239537557,0.0007012034184299409
calibration,010,00000060,RGB-HF-b0.50-s0.4,30.920256427419975,0.8670873840649923,0.0006906798807904124
calibration,010,00000080,RGB-HF-b0.50-s0.4,31.283619573151505,0.8778003056844076,0.000719659379683435
calibration,011,00000020,RGB-HF-b0.50-s0.4,24.565422222710676,0.6896321376164755,0.0019859487656503916
calibration,011,00000040,RGB-HF-b0.50-s0.4,23.89033584195474,0.6587163011233012,0.0020004604011774063
calibration,011,00000060,RGB-HF-b0.50-s0.4,22.987431065170533,0.6163229942321777,0.0019421627512201667
calibration,011,00000080,RGB-HF-b0.50-s0.4,22.741541750895934,0.6179549892743429,0.0017763625364750624
calibration,000,00000020,RGB-HF-b0.50-s0.5,27.340707534651457,0.7366123994191488,0.0012362523702904582
calibration,000,00000040,RGB-HF-b0.50-s0.5,27.009337113616056,0.7752393285433451,0.0013861338375136256
calibration,000,00000060,RGB-HF-b0.50-s0.5,27.383116681585808,0.783135175704956,0.0016986882546916604
calibration,000,00000080,RGB-HF-b0.50-s0.5,27.127833997719005,0.7790927489598592,0.0015533100813627243
calibration,003,00000020,RGB-HF-b0.50-s0.5,31.4352179276526,0.9137596289316813,0.0016003564232960343
calibration,003,00000040,RGB-HF-b0.50-s0.5,30.577269721536517,0.903097410996755,0.0013921792851760983
calibration,003,00000060,RGB-HF-b0.50-s0.5,30.0197802938048,0.8911433021227518,0.001754789613187313
calibration,003,00000080,RGB-HF-b0.50-s0.5,29.346487469108517,0.8804939389228821,0.002173106651753187
calibration,006,00000020,RGB-HF-b0.50-s0.5,30.98157227788728,0.8515084981918335,0.0006290922756306827
calibration,006,00000040,RGB-HF-b0.50-s0.5,29.825387271612165,0.8260552088419596,0.0007415643194690347
calibration,006,00000060,RGB-HF-b0.50-s0.5,30.261536812509494,0.8336793979008993,0.000717593589797616
calibration,006,00000080,RGB-HF-b0.50-s0.5,27.394915550829786,0.7536105910936991,0.0012512337416410446
calibration,010,00000020,RGB-HF-b0.50-s0.5,32.07349311724683,0.8896409074465433,0.0006941855535842478
calibration,010,00000040,RGB-HF-b0.50-s0.5,31.32718616620757,0.8726233243942261,0.0006512169493362308
calibration,010,00000060,RGB-HF-b0.50-s0.5,30.915727539862683,0.8672284483909607,0.0006421369034796953
calibration,010,00000080,RGB-HF-b0.50-s0.5,31.274717399149612,0.877801756064097,0.0006673660827800632
calibration,011,00000020,RGB-HF-b0.50-s0.5,24.559335023390858,0.6886025269826254,0.0018260210053995252
calibration,011,00000040,RGB-HF-b0.50-s0.5,23.886096465456763,0.657691498597463,0.0018403776921331882
calibration,011,00000060,RGB-HF-b0.50-s0.5,22.986364984372457,0.615193247795105,0.001790337380953133
calibration,011,00000080,RGB-HF-b0.50-s0.5,22.740739609428044,0.6168915033340454,0.0016414073761552572
calibration,000,00000020,RGB-HF-b0.50-s0.8,27.289423438302318,0.7330285708109537,0.001013007014989853
calibration,000,00000040,RGB-HF-b0.50-s0.8,26.948928788073925,0.7716516852378845,0.0011322342325001955
calibration,000,00000060,RGB-HF-b0.50-s0.8,27.302169055869708,0.7795430421829224,0.0013776596169918776
calibration,000,00000080,RGB-HF-b0.50-s0.8,27.05210708142829,0.7752100427945455,0.0012568897800520062
calibration,003,00000020,RGB-HF-b0.50-s0.8,31.279000762559285,0.9117507338523865,0.0013083546655252576
calibration,003,00000040,RGB-HF-b0.50-s0.8,30.442127361748813,0.9009473919868469,0.0011439691297709942
calibration,003,00000060,RGB-HF-b0.50-s0.8,29.98465411099525,0.8899103800455729,0.0014399338979274035
calibration,003,00000080,RGB-HF-b0.50-s0.8,29.264311533481763,0.878383219242096,0.0018219492631033063
calibration,006,00000020,RGB-HF-b0.50-s0.8,30.903676035002185,0.8493027687072754,0.0005213103140704334
calibration,006,00000040,RGB-HF-b0.50-s0.8,29.767867906352244,0.8235880335172018,0.0006127191008999944
calibration,006,00000060,RGB-HF-b0.50-s0.8,30.206784878215757,0.8316227992375692,0.0005865519633516669
calibration,006,00000080,RGB-HF-b0.50-s0.8,27.32626876581032,0.7492582599322001,0.001022627460770309
calibration,010,00000020,RGB-HF-b0.50-s0.8,31.981450197952448,0.8878583510716757,0.000568712770473212
calibration,010,00000040,RGB-HF-b0.50-s0.8,31.23383542695865,0.870617687702179,0.0005382832605391741
calibration,010,00000060,RGB-HF-b0.50-s0.8,30.850147932847698,0.8657267491022745,0.0005283757927827537
calibration,010,00000080,RGB-HF-b0.50-s0.8,31.192700562118674,0.8759662508964539,0.0005462783738039434
calibration,011,00000020,RGB-HF-b0.50-s0.8,24.50627110435419,0.6836850047111511,0.0014929590979591012
calibration,011,00000040,RGB-HF-b0.50-s0.8,23.84106042127172,0.6528059641520182,0.0015129328239709139
calibration,011,00000060,RGB-HF-b0.50-s0.8,22.9558171576993,0.610281745592753,0.0014720086473971605
calibration,011,00000080,RGB-HF-b0.50-s0.8,22.714139760801146,0.6123124162356058,0.001353558269329369
calibration,000,00000020,RGB-HF-b0.60-s0.3,27.33724683205942,0.7373637557029724,0.0013564908877015114
calibration,000,00000040,RGB-HF-b0.60-s0.3,27.007379690697437,0.7757458885510763,0.0015310958260670304
calibration,000,00000060,RGB-HF-b0.60-s0.3,27.384921543406904,0.7835289835929871,0.0018790139583870769
calibration,000,00000080,RGB-HF-b0.60-s0.3,27.131505201525783,0.7797728975613912,0.0017197749111801386
calibration,003,00000020,RGB-HF-b0.60-s0.3,31.44215517958779,0.9133558869361877,0.0017662683967500925
calibration,003,00000040,RGB-HF-b0.60-s0.3,30.59438290973023,0.9029110670089722,0.0015269623836502433
calibration,003,00000060,RGB-HF-b0.60-s0.3,29.97135648453163,0.8902372519175211,0.0019302264554426074
calibration,003,00000080,RGB-HF-b0.60-s0.3,29.32586575816729,0.8798350095748901,0.002375276992097497
calibration,006,00000020,RGB-HF-b0.60-s0.3,30.98688454447466,0.8515739639600118,0.0006832055514678359
calibration,006,00000040,RGB-HF-b0.60-s0.3,29.821898228285136,0.826123833656311,0.0008053726051002741
calibration,006,00000060,RGB-HF-b0.60-s0.3,30.252197449182777,0.8334055542945862,0.0007819106685929
calibration,006,00000080,RGB-HF-b0.60-s0.3,27.39839364749038,0.7544755538304647,0.0013740799622610211
calibration,010,00000020,RGB-HF-b0.60-s0.3,32.08401861909325,0.8895768920580546,0.0007581343525089324
calibration,010,00000040,RGB-HF-b0.60-s0.3,31.3403999941689,0.8724942207336426,0.0007071999134495854
calibration,010,00000060,RGB-HF-b0.60-s0.3,30.917670054686095,0.8668280442555746,0.0006969331880100071
calibration,010,00000080,RGB-HF-b0.60-s0.3,31.282828088017453,0.8776188492774963,0.0007265686872415245
calibration,011,00000020,RGB-HF-b0.60-s0.3,24.56543784559486,0.6900036533673605,0.002015111269429326
calibration,011,00000040,RGB-HF-b0.60-s0.3,23.889616198033146,0.6590902805328369,0.002031805692240596
calibration,011,00000060,RGB-HF-b0.60-s0.3,22.985600785601996,0.6167815526326498,0.001969320001080632
calibration,011,00000080,RGB-HF-b0.60-s0.3,22.739889349176213,0.6183935801188151,0.0017999074188992381
calibration,000,00000020,RGB-HF-b0.60-s0.4,27.34177133968217,0.7371625502904257,0.0013286273460835218
calibration,000,00000040,RGB-HF-b0.60-s0.4,27.0116546646948,0.7756768465042114,0.0014955332735553384
calibration,000,00000060,RGB-HF-b0.60-s0.4,27.38840244910167,0.7835207184155782,0.0018356143264099956
calibration,000,00000080,RGB-HF-b0.60-s0.4,27.133665722594,0.7796286145846049,0.0016804446931928396
calibration,003,00000020,RGB-HF-b0.60-s0.4,31.44721688350543,0.9136850635210673,0.0017240089364349842
calibration,003,00000040,RGB-HF-b0.60-s0.4,30.59290453628712,0.903135359287262,0.0014954271027818322
calibration,003,00000060,RGB-HF-b0.60-s0.4,29.998378684277718,0.8907856543858846,0.0018877957481890917
calibration,003,00000080,RGB-HF-b0.60-s0.4,29.34125377932112,0.8803057273228964,0.0023252717219293118
calibration,006,00000020,RGB-HF-b0.60-s0.4,30.98843223117569,0.8516651590665182,0.0006730204331688583
calibration,006,00000040,RGB-HF-b0.60-s0.4,29.826873648435107,0.8262251814206442,0.0007931883446872234
calibration,006,00000060,RGB-HF-b0.60-s0.4,30.260056376524865,0.833665152390798,0.0007695409585721791
calibration,006,00000080,RGB-HF-b0.60-s0.4,27.40027183375856,0.7542557120323181,0.0013479843037202954
calibration,010,00000020,RGB-HF-b0.60-s0.4,32.083881373396686,0.8897184133529663,0.0007454971200786531
calibration,010,00000040,RGB-HF-b0.60-s0.4,31.338741291442123,0.8726821343104044,0.0006964459898881614
calibration,010,00000060,RGB-HF-b0.60-s0.4,30.920382036904975,0.8671315511067709,0.0006859271670691669
calibration,010,00000080,RGB-HF-b0.60-s0.4,31.28327850350173,0.8778262138366699,0.000714485882781446
calibration,011,00000020,RGB-HF-b0.60-s0.4,24.565103991005557,0.6895314256350199,0.00196800846606493
calibration,011,00000040,RGB-HF-b0.60-s0.4,23.89020904125354,0.658615251382192,0.00198272243142128
calibration,011,00000060,RGB-HF-b0.60-s0.4,22.9876197686161,0.6162057717641195,0.0019251542398706079
calibration,011,00000080,RGB-HF-b0.60-s0.4,22.74172044713554,0.6178437868754069,0.0017618988640606403
calibration,000,00000020,RGB-HF-b0.60-s0.5,27.33845798344959,0.7363425890604655,0.0012017353437840939
calibration,000,00000040,RGB-HF-b0.60-s0.5,27.00638278504984,0.7749997973442078,0.0013464759103953838
calibration,000,00000060,RGB-HF-b0.60-s0.5,27.378551128955255,0.7829084992408752,0.001648648758418858
calibration,000,00000080,RGB-HF-b0.60-s0.5,27.12337305051395,0.7788142164548238,0.001507650362327695
calibration,003,00000020,RGB-HF-b0.60-s0.5,31.42582293152486,0.9137033820152283,0.0015561925247311592
calibration,003,00000040,RGB-HF-b0.60-s0.5,30.567933007805863,0.9030083020528158,0.0013540145009756088
calibration,003,00000060,RGB-HF-b0.60-s0.5,30.02381941534095,0.8911928137143453,0.0017067373264580965
calibration,003,00000080,RGB-HF-b0.60-s0.5,29.344421929488185,0.880467156569163,0.002117980271577835
calibration,006,00000020,RGB-HF-b0.60-s0.5,30.97670805892841,0.8513899644215902,0.0006123572820797563
calibration,006,00000040,RGB-HF-b0.60-s0.5,29.822740254973787,0.8259267608324686,0.0007213348289951682
calibration,006,00000060,RGB-HF-b0.60-s0.5,30.2598250285007,0.833616574605306,0.0006967132794670761
calibration,006,00000080,RGB-HF-b0.60-s0.5,27.390852693871196,0.7532881299654642,0.0012152435956522822
calibration,010,00000020,RGB-HF-b0.60-s0.5,32.067043721608364,0.8895547787348429,0.000674945767968893
calibration,010,00000040,RGB-HF-b0.60-s0.5,31.320574254598878,0.87253737449646,0.000633729447145015
calibration,010,00000060,RGB-HF-b0.60-s0.5,30.911966115204997,0.8672050436337789,0.000624509179033339
calibration,010,00000080,RGB-HF-b0.60-s0.5,31.269262806274906,0.8777303099632263,0.0006488769431598485
calibration,011,00000020,RGB-HF-b0.60-s0.5,24.55576704437956,0.6881858905156454,0.0017743386561051011
calibration,011,00000040,RGB-HF-b0.60-s0.5,23.883268885296932,0.6572789351145426,0.00178924307692796
calibration,011,00000060,RGB-HF-b0.60-s0.5,22.984876529731974,0.6147608558336893,0.0017411409644410014
calibration,011,00000080,RGB-HF-b0.60-s0.5,22.739485752373238,0.6164881785710653,0.0015973239205777645
calibration,000,00000020,RGB-HF-b0.60-s0.8,27.259629441466654,0.7314209143320719,0.000954152550548315
calibration,000,00000040,RGB-HF-b0.60-s0.8,26.91441571385838,0.7699727614720663,0.001066342694684863
calibration,000,00000060,RGB-HF-b0.60-s0.8,27.257482251036546,0.7778118054072062,0.0012916341656818986
calibration,000,00000080,RGB-HF-b0.60-s0.8,27.01131167857905,0.7734072208404541,0.001178943319246173
calibration,003,00000020,RGB-HF-b0.60-s0.8,31.195703092811428,0.9105488657951355,0.0012301275273784995
calibration,003,00000040,RGB-HF-b0.60-s0.8,30.374643558980836,0.8997628490130106,0.0010771449888125062
calibration,003,00000060,RGB-HF-b0.60-s0.8,29.94675419933527,0.8889752825101217,0.0013550403527915478
calibration,003,00000080,RGB-HF-b0.60-s0.8,29.210139331093536,0.8770765066146851,0.0017283125780522823
calibration,006,00000020,RGB-HF-b0.60-s0.8,30.862160438706407,0.8481964667638143,0.0004928845446556807
calibration,006,00000040,RGB-HF-b0.60-s0.8,29.734366996723615,0.8223626812299093,0.0005781220970675349
calibration,006,00000060,RGB-HF-b0.60-s0.8,30.173329165581208,0.8305202921231588,0.0005507775931619108
calibration,006,00000080,RGB-HF-b0.60-s0.8,27.28914419581273,0.7472756505012512,0.0009631216526031494
calibration,010,00000020,RGB-HF-b0.60-s0.8,31.933513595745048,0.8869147102038065,0.0005350554129108787
calibration,010,00000040,RGB-HF-b0.60-s0.8,31.18732834594223,0.8695632219314575,0.0005080566625110805
calibration,010,00000060,RGB-HF-b0.60-s0.8,30.814656126291617,0.864872932434082,0.000497455766890198
calibration,010,00000080,RGB-HF-b0.60-s0.8,31.150164390520608,0.874973475933075,0.0005135008250363171
calibration,011,00000020,RGB-HF-b0.60-s0.8,24.478703393517414,0.6815966765085856,0.0014057179214432836
calibration,011,00000040,RGB-HF-b0.60-s0.8,23.816900105771857,0.6507430672645569,0.0014287799131125212
calibration,011,00000060,RGB-HF-b0.60-s0.8,22.938339944791018,0.6083049972852071,0.0013895747251808643
calibration,011,00000080,RGB-HF-b0.60-s0.8,22.698920490662804,0.6104924082756042,0.0012791018234565854
test,018,00000020,RGB-HF-b0.60-s0.4,23.88998615836916,0.5944520433743795,0.001577788614667952
test,018,00000040,RGB-HF-b0.60-s0.4,24.444203928000896,0.6186147332191467,0.0014275148278102279
test,018,00000060,RGB-HF-b0.60-s0.4,24.86854316401473,0.6432312925656637,0.0014014090411365032
test,018,00000080,RGB-HF-b0.60-s0.4,25.332874711212302,0.6448706984519958,0.001270084991119802
test,020,00000020,RGB-HF-b0.60-s0.4,28.385542198499717,0.8056586782137553,0.0009123591589741409
test,020,00000040,RGB-HF-b0.60-s0.4,26.864006570161646,0.781654159228007,0.0012285432312637568
test,020,00000060,RGB-HF-b0.60-s0.4,27.037843108099857,0.7768165071805319,0.0011002370156347752
test,020,00000080,RGB-HF-b0.60-s0.4,27.194631331088672,0.7832091848055521,0.0010996730998158455
test,026,00000020,RGB-HF-b0.60-s0.4,32.08909771658541,0.8630890846252441,0.0007523061358369887
test,026,00000040,RGB-HF-b0.60-s0.4,33.42796929256862,0.884653906027476,0.0006668409332633018
test,026,00000060,RGB-HF-b0.60-s0.4,32.4960447178161,0.8735540906588236,0.0007137253414839506
test,026,00000080,RGB-HF-b0.60-s0.4,33.61423209771621,0.8926331996917725,0.0006885333568789065
test,028,00000020,RGB-HF-b0.60-s0.4,33.4229167016113,0.9304735461870829,0.0010324629256501794
test,028,00000040,RGB-HF-b0.60-s0.4,32.96335897074329,0.8802650570869446,0.001044112490490079
test,028,00000060,RGB-HF-b0.60-s0.4,33.01768808229991,0.9003507693608602,0.001307451049797237
test,028,00000080,RGB-HF-b0.60-s0.4,34.83023907598616,0.9346067508061727,0.0010821131290867925
test,029,00000020,RGB-HF-b0.60-s0.4,35.300299678066324,0.9392538865407308,0.000725748366676271
test,029,00000040,RGB-HF-b0.60-s0.4,33.655697493735644,0.9318613012631735,0.0008404525578953326
test,029,00000060,RGB-HF-b0.60-s0.4,33.45492851710409,0.9323985377947489,0.0005809968570247293
test,029,00000080,RGB-HF-b0.60-s0.4,35.36490098476858,0.942054291566213,0.0004987141583114862
