frame,alpha_mean,alpha_max,disagreement_mean,temporal_risk_mean,BasicVSR_psnr,BasicVSR_ssim,BasicVSR_sharp,VSRGAN_psnr,VSRGAN_ssim,VSRGAN_sharp,RGB-Hybrid_psnr,RGB-Hybrid_ssim,RGB-Hybrid_sharp,FUGR-no-temporal_psnr,FUGR-no-temporal_ssim,FUGR-no-temporal_sharp,FUGR-temporal_psnr,FUGR-temporal_ssim,FUGR-temporal_sharp
00000000.png,0.030865253880620003,0.19573044776916504,0.026201767846941948,0.0,27.68715401352807,0.7625462810198466,0.0016382895410060883,25.314497554556784,0.6873139341672262,0.0056038727052509785,27.696783205606522,0.7627952098846436,0.0016492928843945265,27.70095006779403,0.7628566225369772,0.0016703626606613398,27.70095006779403,0.7628566225369772,0.0016703626606613398
00000001.png,0.01686742715537548,0.14643266797065735,0.02700343169271946,0.018878934904932976,27.68395534915211,0.7644774715105692,0.0016469567781314254,25.158358860247596,0.6877825856208801,0.005610481835901737,27.687300650720374,0.7645885745684305,0.0016526143299415708,27.693323582080254,0.7647270957628886,0.0016791494563221931,27.6893196416962,0.764629065990448,0.0016680153785273433
00000002.png,0.01686835289001465,0.1408967226743698,0.02673036977648735,0.01916135661303997,27.75571513311748,0.7633050282796224,0.0016112672165036201,25.271424749720822,0.6877649029095968,0.005438569933176041,27.75931839571026,0.7634195685386658,0.0016180569073185325,27.765133842831673,0.763565202554067,0.001648227102123201,27.761244639924378,0.7634655634562174,0.0016342283925041556
00000003.png,0.01654485985636711,0.1426321566104889,0.02645881287753582,0.019739726558327675,27.736384840513253,0.7577457030614217,0.0015915686963126063,25.264482078793552,0.6787943442662557,0.005673603620380163,27.740573363144463,0.7578526139259338,0.0016004497883841395,27.746408281315887,0.7579942146937052,0.001629183767363429,27.742441103159216,0.7579008738199869,0.0016156239435076714
00000004.png,0.016221778467297554,0.14121395349502563,0.026584649458527565,0.019860561937093735,27.840233847324,0.7549037337303162,0.0015407681930810213,25.341434555207776,0.6758566697438558,0.005423737224191427,27.844364354081538,0.7550275723139445,0.0015485775656998158,27.85065795094445,0.75518266359965,0.0015762165421620011,27.846193527968186,0.75507124265035,0.0015638390323147178
00000005.png,0.015949783846735954,0.15285693109035492,0.026643598452210426,0.019900334998965263,27.73961395646435,0.7426952918370565,0.0014823750825598836,25.244662110860588,0.6588812669118246,0.005584062542766333,27.74303038641351,0.7427921493848165,0.0014915666542947292,27.74913778234182,0.7429436445236206,0.0015200875932350755,27.745040564060023,0.7428443630536398,0.0015069879591464996
00000006.png,0.01587168127298355,0.14260472357273102,0.026701204478740692,0.019651517271995544,27.988176594933215,0.7528802355130514,0.001441426225937903,25.449946168247784,0.6688992977142334,0.005362327676266432,27.992261466218245,0.7529871861139933,0.0014500749530270696,28.00126243230537,0.7531636754671732,0.0014786372194066644,27.99423302542777,0.7530347108840942,0.0014656888088211417
00000007.png,0.015828628093004227,0.14095737040042877,0.026757732033729553,0.01968889683485031,27.817012678554445,0.7525952657063802,0.0015357538359239697,25.293391980838994,0.6718058387438456,0.005521947052329779,27.82045199886764,0.7526950836181641,0.001544905360788107,27.82757948481427,0.75285271803538,0.0015729255974292755,27.822576736731452,0.7527396082878113,0.0015597178135067225
00000008.png,0.015697091817855835,0.1413358896970749,0.02703149802982807,0.01990475133061409,27.720342775101248,0.7567491332689921,0.0015596263110637665,25.209066233159113,0.6731295386950175,0.005684698466211557,27.72431765154267,0.7568513552347819,0.0015676647890359163,27.731805668560238,0.7570070624351501,0.0015953462570905685,27.726050522976937,0.7568967739741007,0.001583045581355691
00000009.png,0.01595582254230976,0.13985131680965424,0.026950469240546227,0.0198027603328228,27.68575586583413,0.7641638517379761,0.0016727448673918843,25.251807959919542,0.6868848005930582,0.005677820183336735,27.69054960780815,0.7642972469329834,0.0016795340925455093,27.698030166352847,0.764480451742808,0.0017067760927602649,27.69219089714116,0.7643427650133768,0.0016944794915616512
00000010.png,0.016330871731042862,0.14348438382148743,0.02754245139658451,0.019466323778033257,27.476077456617844,0.7639367580413818,0.001753118121996522,25.04649819482461,0.6897064050038656,0.005776098929345608,27.481247501308484,0.7640695969263712,0.001757809892296791,27.490258995794832,0.7642720341682434,0.001784119987860322,27.48297977012595,0.7641162276268005,0.0017728405073285103
00000011.png,0.01594260334968567,0.1404244601726532,0.028593910858035088,0.019788773730397224,27.46669549991742,0.7595687309900919,0.0017155301757156849,24.890604392316554,0.6807205279668173,0.005957408342510462,27.47156626645387,0.7597134510676066,0.0017221708549186587,27.47993134839917,0.7598983844121298,0.0017501142574474216,27.473474112030853,0.759763220945994,0.001737879472784698
00000012.png,0.01587848551571369,0.1471080780029297,0.027188898995518684,0.019937725737690926,27.494346115374114,0.7535101175308228,0.0016636833315715194,25.091198125057787,0.6728113889694214,0.00574683491140604,27.49838535917082,0.7536243001619974,0.0016715631354600191,27.504854151909367,0.7537860075632731,0.00169735262170434,27.499842442684297,0.7536735137303671,0.0016854752320796251
00000013.png,0.01566024124622345,0.1385558545589447,0.028047678992152214,0.019938644021749496,27.416025142391952,0.7504159013430277,0.0016722208820283413,24.91858227359163,0.6684474150339762,0.005908011458814144,27.419970669785165,0.7505201896031698,0.0016784514300525188,27.427653550579695,0.7506952881813049,0.0017036382341757417,27.4217440043309,0.7505732576052347,0.0016932586440816522
00000014.png,0.01572473905980587,0.14672109484672546,0.028284544125199318,0.01984674111008644,27.34162906362137,0.7536305983861288,0.0017129949992522597,24.814155926633372,0.6718754768371582,0.006071868352591991,27.34521150751544,0.7537351051966349,0.0017202949384227395,27.351801340261126,0.753885825475057,0.001748267444781959,27.346923830980693,0.7537830074628195,0.0017355004092678428
00000015.png,0.01584467478096485,0.1401243656873703,0.02828344888985157,0.019267691299319267,27.272535195118216,0.7530970374743143,0.0017181227449327707,24.795266732247274,0.6717778444290161,0.005983987357467413,27.27722070536324,0.7532031536102295,0.0017244346672669053,27.28474423191946,0.7533376614252726,0.0017529145115986466,27.278830769903905,0.7532514333724976,0.0017397308256477118
00000016.png,0.015603572130203247,0.1470387578010559,0.028041018173098564,0.019357094541192055,27.229799867051963,0.7517417669296265,0.0017164628952741623,24.779254138828662,0.667540450890859,0.00613821716979146,27.233788019618196,0.7518207629521688,0.0017246591160073876,27.240088692705836,0.7519632776578268,0.0017547932220622897,27.235119377196813,0.7518736124038696,0.0017394950846210122
00000017.png,0.015288135968148708,0.14365068078041077,0.027842042967677116,0.020004354417324066,27.319811905358982,0.7520807385444641,0.0017035163473337889,24.828000267699473,0.6682255268096924,0.006017842795699835,27.323480397224444,0.7521537939707438,0.0017107141902670264,27.329105393550577,0.7522754669189453,0.0017396968323737383,27.3251309192447,0.7522078355153402,0.0017257190775126219
00000018.png,0.015534134581685066,0.1459212750196457,0.027125125750899315,0.019708974286913872,27.424232695389566,0.751927117506663,0.001594996196217835,24.97181593430942,0.6691012581189474,0.005740938242524862,27.42848967864959,0.7520063122113546,0.0016038314206525683,27.43369126891775,0.7521616220474243,0.0016342808958142996,27.429841526478942,0.7520667711893717,0.001618897425942123
00000019.png,0.015384235419332981,0.13697776198387146,0.027155563235282898,0.01985340565443039,27.34687058511344,0.7445418834686279,0.0014933738857507706,24.93607755176185,0.6572603980700175,0.005785050336271524,27.349864070832943,0.7445951104164124,0.0015048979548737407,27.355669397926675,0.7447447180747986,0.0015392103232443333,27.35141090489975,0.7446560462315878,0.0015199314802885056
00000020.png,0.015264679677784443,0.15032126009464264,0.027214664965867996,0.020160825923085213,27.353503345003645,0.7386829853057861,0.0014099105028435588,24.921393454657554,0.6475635369618734,0.005768460687249899,27.356434015755596,0.7387182911237081,0.001422753557562828,27.360866774893495,0.7388458450635275,0.0014589251950383186,27.357746831964356,0.738783617814382,0.0014382916269823909
00000021.png,0.015238762833178043,0.14223970472812653,0.027314480394124985,0.020151488482952118,27.381250324433687,0.7346094846725464,0.0013777905842289329,24.93768070153491,0.6446574926376343,0.005585882347077131,27.384193695224322,0.7346610029538473,0.0013900481862947345,27.389899317838278,0.7348138689994812,0.0014237667201086879,27.385884073911605,0.7347260316212972,0.0014055268839001656
00000022.png,0.015469581820070744,0.13872197270393372,0.027812723070383072,0.020214898511767387,27.306467343290993,0.7371747493743896,0.0013976695481687784,24.85547130183367,0.6467239459355673,0.005755333695560694,27.30914603760903,0.7372172276178995,0.0014085345901548862,27.315726021271036,0.7373879154523214,0.0014430282171815634,27.310623725689084,0.7372814218203226,0.0014239740557968616
00000023.png,0.015348180197179317,0.1369633674621582,0.02832626923918724,0.02039259672164917,27.23079195230404,0.7391705513000488,0.0014722369378432631,24.77100283142526,0.649628480275472,0.005836064927279949,27.23391423769714,0.7392280101776123,0.0014821614604443312,27.240380599643505,0.7393989562988281,0.0015145647339522839,27.235602489717916,0.7392910718917847,0.0014970146585255861
00000024.png,0.015242154709994793,0.14088506996631622,0.028137024492025375,0.020663034170866013,27.20301151693713,0.7447937925656637,0.0015335894422605634,24.775004470094743,0.6570646365483602,0.0060164001770317554,27.206849430776096,0.7449000875155131,0.001543316524475813,27.213717949845698,0.745110829671224,0.0015749501762911677,27.208278092130612,0.7449600100517273,0.0015583318891003728
00000025.png,0.015316310338675976,0.13381315767765045,0.028648177161812782,0.020603084936738014,27.156012331830333,0.7503125270207723,0.0015749967424198985,24.671204578804403,0.6619633833567301,0.006161271594464779,27.15989409522482,0.7503976623217264,0.001585718127898872,27.166176065432527,0.7505700389544169,0.0016198150115087628,27.16124138293319,0.7504562735557556,0.001600195886567235
00000026.png,0.015470734797418118,0.1388196051120758,0.028784392401576042,0.020139290019869804,27.07647872905595,0.7502385377883911,0.0016068448312580585,24.60937720101373,0.6636406779289246,0.0060121784918010235,27.07987343322317,0.7503019968668619,0.0016146559501066804,27.08577494182038,0.7504533926645914,0.0016465027583763003,27.081342249588932,0.7503642837206522,0.0016298461705446243
00000027.png,0.015559326857328415,0.1476738452911377,0.028390049934387207,0.01997876539826393,27.101755673421586,0.7522455453872681,0.0015739883529022336,24.657167174239444,0.6638726790746053,0.005913904402405024,27.104488274638445,0.7522902687390646,0.0015835205558687449,27.108256431888798,0.7524110078811646,0.0016186687862500548,27.106260155546245,0.7523569663365682,0.0015991776017472148
00000028.png,0.015352870337665081,0.1407414823770523,0.0281705129891634,0.019939200952649117,27.114274966252157,0.7511593898137411,0.0015167922247201204,24.68258698216512,0.6637919147809347,0.005846803076565266,27.117661603663947,0.7512225111325582,0.0015273394528776407,27.122934584609915,0.7513757546742758,0.0015619485639035702,27.119207587541712,0.7512851158777872,0.0015425827587023377
00000029.png,0.015315946191549301,0.14006070792675018,0.02775523252785206,0.019666319712996483,27.16137944831535,0.7527782122294108,0.0015142057090997696,24.736955466333107,0.6615246931711832,0.005752915050834417,27.16350410473857,0.7527870933214823,0.0015235583996400237,27.167497124429797,0.7528871099154154,0.0015573450364172459,27.16522758385902,0.752861479918162,0.001538670971058309
00000030.png,0.01538684032857418,0.14092108607292175,0.027557846158742905,0.01934782601892948,27.126117465691056,0.7541876832644144,0.0015365886501967907,24.71296878576108,0.6671948432922363,0.005600807722657919,27.1278874953302,0.7542135715484619,0.001544665894471109,27.132392269721738,0.7543329993883768,0.0015739199006929994,27.129816198090584,0.7542822360992432,0.0015592891722917557
00000031.png,0.015282336622476578,0.13764657080173492,0.02733030542731285,0.019394876435399055,27.11759781793694,0.75892440478007,0.0015424895100295544,24.740629729914723,0.6696061889330546,0.005852791015058756,27.120556118133248,0.7589651544888815,0.001552594592794776,27.125976082292063,0.7591220736503601,0.0015883741434663534,27.12238122145523,0.7590388456980387,0.001567065017297864
00000032.png,0.015384896658360958,0.1383674591779709,0.02737530879676342,0.019174978137016296,27.06344111229795,0.7591846187909445,0.0015845950692892075,24.719602969728605,0.6717431743939718,0.005645413883030415,27.065582434568686,0.7592134674390157,0.001592659275047481,27.070615070267042,0.759354809919993,0.0016246580053120852,27.067510682150598,0.7592891454696655,0.0016073076985776424
00000033.png,0.015339463949203491,0.12858250737190247,0.027229994535446167,0.01912827417254448,27.102237665422464,0.7600628534952799,0.0015257162740454078,24.73390412335,0.6698282559712728,0.005741560366004705,27.104561991240402,0.7600863178571066,0.0015351626789197326,27.108715242799626,0.7602062424023946,0.0015690256841480732,27.10638401952953,0.7601608832677206,0.001549039501696825
00000034.png,0.015547530725598335,0.14356501400470734,0.027079598978161812,0.018717622384428978,27.04686273950399,0.7619566520055135,0.0015470922226086259,24.742398868782054,0.6731935739517212,0.005642622709274292,27.049564340443354,0.7619749704996744,0.00155533105134964,27.056500777865576,0.7621386845906576,0.0015871800715103745,27.051593183124105,0.762062132358551,0.0015698609640821815
00000035.png,0.01567682810127735,0.1548163890838623,0.026898836717009544,0.018803870305418968,26.965362040035433,0.7632319331169128,0.0015740261878818274,24.713004403805474,0.675140897432963,0.005692992825061083,26.9686125936039,0.7632558743158976,0.0015822044806554914,26.97434810873595,0.7633887529373169,0.0016146865673363209,26.970348761054872,0.7633373737335205,0.0015966184437274933
00000036.png,0.015341152437031269,0.14141620695590973,0.026688072830438614,0.01897239126265049,27.14950925007731,0.7674731810887655,0.001598714734427631,24.79008695541781,0.6781619588534037,0.005646117962896824,27.15143419953396,0.7674629290898641,0.0016068159602582455,27.157119063868112,0.7675956090291342,0.0016388961812481284,27.153582083840398,0.7675502697626749,0.0016204785788431764
00000037.png,0.015343704260885715,0.14062745869159698,0.026362141594290733,0.01880479045212269,27.055204067337513,0.7640297810236613,0.0015817410312592983,24.79040352160199,0.675016442934672,0.00565761374309659,27.0583196996637,0.7640345692634583,0.001590896979905665,27.068317331609073,0.7642233570416769,0.0016198995290324092,27.060436914316423,0.7641234795252482,0.0016038957983255386
00000038.png,0.015330228954553604,0.1459774523973465,0.026739206165075302,0.019036144018173218,27.091970722059347,0.7712127367655436,0.0015487850178033113,24.783967657533204,0.6813482642173767,0.0057191695086658,27.0950905781152,0.7712300022443136,0.0015576067380607128,27.103210632479588,0.7714126904805502,0.0015900898724794388,27.09720377338549,0.7713142236073812,0.001571091590449214
00000039.png,0.015088160522282124,0.13131575286388397,0.027308864519000053,0.019129469990730286,27.17239146630646,0.7795285582542419,0.0015671696746721864,24.769260512526635,0.6878777543703715,0.005830423440784216,27.17584986811947,0.7795476317405701,0.0015757145592942834,27.184187511675503,0.779722273349762,0.0016095724422484636,27.177721591868952,0.7796284357706705,0.0015894487733021379
00000040.png,0.015122798271477222,0.13667374849319458,0.027497459203004837,0.018182018771767616,27.074703229501473,0.7797528505325317,0.0015793204074725509,24.69813072367081,0.6886268059412638,0.005917990580201149,27.07829829901457,0.779775857925415,0.0015883217565715313,27.086796962570972,0.7799657384554545,0.0016240791883319616,27.080211036319994,0.7798623045285543,0.0016022652853280306
00000041.png,0.015154487453401089,0.1354602724313736,0.02725374884903431,0.01800115406513214,27.148204400326506,0.7809593876202902,0.001564093865454197,24.784397270511874,0.6897668441136678,0.005714598577469587,27.15203247698527,0.7809596459070841,0.0015714499168097973,27.160563742784962,0.7811432679494222,0.0016037598252296448,27.1538779473277,0.7810519337654114,0.0015853838995099068
00000042.png,0.014723101630806923,0.12817978858947754,0.026516973972320557,0.01876816153526306,27.30094842768084,0.7824588815371195,0.001536137075163424,24.898752358034116,0.6918617884318033,0.005621938034892082,27.30353404514261,0.7824519077936808,0.0015428485348820686,27.310370877470337,0.7826225161552429,0.0015719516668468714,27.305246322128003,0.7825461427370707,0.0015560808824375272
00000043.png,0.014981995336711407,0.13596153259277344,0.026012450456619263,0.018637515604496002,27.47114260284947,0.7798970540364584,0.0015124690253287554,25.036191236157215,0.6902479330698649,0.005343524739146233,27.473706681836127,0.7798945307731628,0.0015178725589066744,27.479667882691018,0.7800254821777344,0.0015457557747140527,27.475790757854245,0.7799861232439677,0.0015315182972699404
00000044.png,0.015499096363782883,0.1478329300880432,0.02543313428759575,0.018466291949152946,27.597708176780618,0.7756563027699789,0.0014762775972485542,25.203800602472285,0.6863664984703064,0.005216140300035477,27.60069464672935,0.775654137134552,0.0014816472539678216,27.606931052126154,0.7757972478866577,0.0015077636344358325,27.602881624930053,0.7757497628529867,0.0014948893804103136
00000045.png,0.015622257255017757,0.1583186388015747,0.02601149119436741,0.018566999584436417,27.601054022543018,0.7703312039375305,0.0014813279267400503,25.140030979304235,0.6810920834541321,0.005212162155658007,27.603298538931377,0.7703346610069275,0.0014874868793413043,27.60974104413943,0.7704703013102213,0.0015125893987715244,27.605675888068415,0.7704198559125265,0.0015003831358626485
00000046.png,0.01581767201423645,0.1445469707250595,0.026537667959928513,0.018536526709794998,27.704519484360954,0.7645794351895651,0.0014876618515700102,25.166617786592216,0.6754180391629537,0.0053620184771716595,27.70732715050205,0.7646103302637736,0.00149445584975183,27.71404184219143,0.7647481163342794,0.001522146980278194,27.7096783049143,0.7646824320157369,0.0015081882011145353
00000047.png,0.01582195796072483,0.14142173528671265,0.026948917657136917,0.01896527037024498,27.72200015231175,0.7650041977564493,0.001481393352150917,25.116651390593905,0.6755344072977701,0.005472191143780947,27.724143115129202,0.7650421460469564,0.0014889021404087543,27.730203603718323,0.7651872436205546,0.0015160915208980441,27.726399157121303,0.7651109298070272,0.0015024688327684999
00000048.png,0.015567269176244736,0.14115899801254272,0.02719123847782612,0.019182875752449036,27.6670587844211,0.7716890970865885,0.0015386398881673813,25.08013839410269,0.6848751703898112,0.005499579943716526,27.669970643282692,0.7717272440592448,0.0015459603164345026,27.678064165873003,0.771898090839386,0.0015754119958728552,27.672617304497713,0.7718036572138468,0.0015607138630002737
00000049.png,0.015620386227965355,0.14199700951576233,0.027667462825775146,0.01917421631515026,27.475216003631434,0.7687059243520101,0.0015881542349234223,24.92931787044469,0.6841993927955627,0.005548935383558273,27.478887767019515,0.7687638203303019,0.0015936678973957896,27.4860212643781,0.7689464290936788,0.0016219931421801448,27.48078496255083,0.7688306967417399,0.0016076163155958056
00000050.png,0.015444139949977398,0.13814455270767212,0.028483033180236816,0.01963268406689167,27.286652122156198,0.7708619634310404,0.0016239610267803073,24.75145770759844,0.6869007349014282,0.0057819439098238945,27.290915292790856,0.7709376215934753,0.0016297861002385616,27.302004438463957,0.7711597482363383,0.0016579371877014637,27.293407645820036,0.7710070013999939,0.001643918571062386
00000051.png,0.015643294900655746,0.15009869635105133,0.02820771373808384,0.01974444091320038,27.26387234836011,0.7811984419822693,0.001670786296017468,24.75979536952262,0.6968223651250204,0.005881532561033964,27.267418684169463,0.781285027662913,0.001678001252003014,27.274919565622714,0.7814777294794718,0.0017078634118661284,27.26972879408976,0.7813479502995809,0.0016919149784371257
00000052.png,0.015409087762236595,0.1502949446439743,0.02861776389181614,0.019496062770485878,27.06292432862582,0.7823403278986613,0.0017183718737214804,24.636692627291637,0.699856678644816,0.005991385784000158,27.067631644281434,0.7824446161588033,0.001725260866805911,27.078871102825364,0.7826956113179525,0.0017544225556775928,27.07002017817429,0.7825146714846293,0.0017387636471539736
00000053.png,0.015655573457479477,0.14927619695663452,0.028796765953302383,0.018948180601000786,27.025437659141286,0.7823581695556641,0.0017424622783437371,24.5436341902016,0.6997583508491516,0.006074211560189724,27.028792174619333,0.7824241518974304,0.0017500733956694603,27.036126255860545,0.782595157623291,0.0017815782921388745,27.030813886300447,0.7824901143709818,0.0017641843296587467
00000054.png,0.01549533661454916,0.15114717185497284,0.02901107631623745,0.019206898286938667,27.092340845056306,0.7822399934132894,0.0017910553142428398,24.529426306626082,0.6983046929041544,0.006193284876644611,27.095221376213644,0.7823089361190796,0.0017986400052905083,27.102883950699383,0.7824877301851908,0.0018287658458575606,27.097603367593834,0.782374918460846,0.0018122929614037275
00000055.png,0.015323369763791561,0.14825719594955444,0.028767023235559464,0.01994253508746624,27.194103733906463,0.7823042869567871,0.0018061889568343759,24.6468550447071,0.6985475818316141,0.0061977822333574295,27.198148074375624,0.7823890844980875,0.0018122086767107248,27.208582225094705,0.7826173106829325,0.0018410730408504605,27.20043382704034,0.7824561595916748,0.001826743595302105
00000056.png,0.015513584017753601,0.14446772634983063,0.02851017564535141,0.01980525813996792,27.275463282811465,0.782575786113739,0.001780612044967711,24.73834495583368,0.699461301167806,0.006019466556608677,27.280100872760823,0.7826642990112305,0.0017862145323306322,27.29142416298618,0.7828956643740336,0.0018118669977411628,27.28243612877348,0.7827349901199341,0.001799961319193244
00000057.png,0.015794523060321808,0.14045919477939606,0.028529059141874313,0.019747784361243248,27.30999476236188,0.7827996611595154,0.0018386879237368703,24.73752192462493,0.7023831407229105,0.005975555162876844,27.31425013770863,0.7828894456227621,0.001843116944655776,27.323557380334375,0.7830933729807535,0.0018674657912924886,27.316683965625295,0.7829587658246359,0.0018565913196653128
00000058.png,0.015602477826178074,0.139444038271904,0.028409168124198914,0.0199073888361454,27.459126088388096,0.7828280131022135,0.001837048097513616,24.827236585469418,0.698937177658081,0.006099216174334288,27.463004426157337,0.7829049229621887,0.0018429988995194435,27.473127682413462,0.7830982605616251,0.0018689647549763322,27.46552534262654,0.7829729119936625,0.0018559317104518414
00000059.png,0.015970870852470398,0.14072288572788239,0.02821110188961029,0.019955679774284363,27.48571293844123,0.7832934061686198,0.0018762857653200626,24.929072176198407,0.700883944829305,0.006044986192137003,27.49172442198524,0.7833953301111857,0.0018816273659467697,27.506520407823253,0.7836542129516602,0.0019040846964344382,27.494112721628554,0.7834643125534058,0.0018948655342683196
00000060.png,0.016220828518271446,0.13544806838035583,0.028615234419703484,0.019539326429367065,27.446452120974886,0.7865903973579407,0.0019240968395024538,24.812705221328542,0.7071401476860046,0.006072310730814934,27.450976642574755,0.7866851290067037,0.0019273351645097136,27.46305798746556,0.7869302829106649,0.0019521802896633744,27.45381097818293,0.7867564558982849,0.0019402856705710292
00000061.png,0.016517437994480133,0.13755860924720764,0.028673559427261353,0.019470220431685448,27.381907124277788,0.7865359981854757,0.001959526911377907,24.757268562289315,0.7029098073641459,0.006224841345101595,27.38622139773653,0.7866147756576538,0.0019645406864583492,27.39609209504247,0.7868117292722067,0.0019906670786440372,27.38887880812232,0.7866844733556112,0.0019776364788413048
00000062.png,0.016462253406643867,0.14596185088157654,0.02840186096727848,0.020022736862301826,27.387594227010812,0.7864312132199606,0.0019651600159704685,24.811115699404162,0.7061806122461954,0.006257308181375265,27.39202980176578,0.78653617699941,0.001971383346244693,27.400975425151707,0.7867538134256998,0.0020000336226075888,27.394576163599954,0.7866024573644003,0.001984978560358286
00000063.png,0.016154028475284576,0.13955678045749664,0.028545858338475227,0.020243581384420395,27.549613438050834,0.7956423163414001,0.0019244764698669314,24.874845641217227,0.7138227621714274,0.006164827384054661,27.553113810953057,0.7957200606664022,0.0019306567264720798,27.562699531865988,0.7959141929944357,0.0019579166546463966,27.55589292961279,0.7957866986592611,0.0019444216741248965
00000064.png,0.01594097912311554,0.1448146104812622,0.028386259451508522,0.01962035521864891,27.60407628367203,0.8040160536766052,0.0018788195447996259,24.93514247051571,0.7247608701388041,0.006069923285394907,27.608909808388546,0.8041226466496786,0.0018852774519473314,27.620580027650163,0.8043478926022848,0.001913142972625792,27.611677615313745,0.804185132185618,0.0018992915283888578
00000065.png,0.01601867564022541,0.13961374759674072,0.028700537979602814,0.01822645030915737,27.510501170227005,0.7993171413739523,0.0017569068586453795,24.838910219977414,0.7205424706141154,0.005824047606438398,27.514608534167728,0.7993948459625244,0.0017629774520173669,27.52020456080311,0.7995707591374716,0.0017920748796314,27.516301653244312,0.7994632919629415,0.0017774953739717603
00000066.png,0.015768343582749367,0.1376851350069046,0.028021803125739098,0.01809520088136196,27.546411286481963,0.7958780924479166,0.0018057903507724404,24.928461618551637,0.7165708541870117,0.005870390683412552,27.55054644159411,0.7959482073783875,0.0018105288036167622,27.556695067543167,0.7961007952690125,0.0018365889554843307,27.552634921565726,0.7960102756818136,0.0018245804822072387
00000067.png,0.01468929834663868,0.13791881501674652,0.03178888559341431,0.019218849018216133,27.556545573515,0.7903671463330587,0.001795447082258761,24.421149622267816,0.711237907409668,0.005941333249211311,27.558987089328262,0.7904241879781088,0.0018012820510193706,27.565517120112595,0.7905595699946085,0.001828976790420711,27.56168576277104,0.7904821832974752,0.0018167940434068441
00000068.png,0.015496556647121906,0.1512605994939804,0.028221718966960907,0.019455265253782272,27.580588241664792,0.7843822240829468,0.0017804293893277645,24.92890985574271,0.7013833522796631,0.006074176169931889,27.5852576637796,0.7844811876614889,0.0017873684410005808,27.59366878856314,0.7846803466478983,0.0018156167352572083,27.58758628099757,0.7845490972201029,0.001801981939934194
00000069.png,0.016431204974651337,0.15227466821670532,0.028125181794166565,0.01832972839474678,27.43937513929279,0.7737050255139669,0.0017112792702391744,24.930958810039016,0.7016283869743347,0.0051915585063397884,27.442938705269345,0.7737572391827902,0.0017123667057603598,27.45230035838773,0.7739537159601847,0.001731187105178833,27.445527735158937,0.7738370895385742,0.0017264942871406674
00000070.png,0.016589689999818802,0.14132049679756165,0.029477005824446678,0.018362341448664665,27.42335101611154,0.7738126913706461,0.0017354252049699426,24.803944214161028,0.6988316973050436,0.005394439212977886,27.42916932607767,0.7739062905311584,0.0017372521106153727,27.43803013100692,0.7741124828656515,0.0017583578592166305,27.430626871123103,0.7739749749501547,0.0017513732891529799
00000071.png,0.016632696613669395,0.14572210609912872,0.02820393070578575,0.018961487337946892,27.37657674553915,0.7720031340916952,0.001723322900943458,24.869335244264896,0.6939671834309896,0.005504142958670855,27.380185379950625,0.772077739238739,0.0017267059301957488,27.383943170913064,0.7722133199373881,0.0017484943382441998,27.381511483158285,0.7721407810846964,0.0017398707568645477
00000072.png,0.01655735820531845,0.1438537985086441,0.02953376993536949,0.019157418981194496,27.36308416355898,0.7671045660972595,0.0017200489528477192,24.701587481042566,0.6898604432741801,0.00547247426584363,27.36598877941846,0.7671640515327454,0.0017229835502803326,27.37130920684933,0.7672997315724691,0.0017455198103561997,27.367799497679187,0.767220695813497,0.0017368127591907978
00000073.png,0.016583722084760666,0.15119199454784393,0.027538524940609932,0.020038148388266563,27.362761028019314,0.759174128373464,0.0017153143417090178,25.011776776444286,0.6698359251022339,0.006032089702785015,27.367440988870506,0.7592440446217855,0.0017223384929820895,27.370551624505985,0.7593652009963989,0.0017463814001530409,27.368128524498413,0.7593085169792175,0.0017347161192446947
00000074.png,0.016516204923391342,0.14878907799720764,0.027687812224030495,0.02021661587059498,27.4450524213627,0.7608407338460287,0.0016589673468843102,25.013436345993995,0.6707331935564677,0.00595973851159215,27.449392537827606,0.7608961860338846,0.0016656122170388699,27.4549191751103,0.7610355814297994,0.0016889217076823115,27.450557512518728,0.76097039381663,0.0016781523590907454
00000075.png,0.016278577968478203,0.14964887499809265,0.028716107830405235,0.019937993958592415,27.408640336254912,0.7615396777788798,0.0016822430770844221,24.781102933651002,0.6752179662386576,0.005919640883803368,27.411161917790288,0.7615761558214823,0.0016885902732610703,27.416420872551765,0.7616795102755228,0.0017130726482719183,27.41332543461859,0.7616424163182577,0.0017027499852702022
00000076.png,0.01650744304060936,0.1476355940103531,0.02880588173866272,0.01987014338374138,27.340783727430352,0.7642404039700826,0.0017110827611759305,24.758563541261978,0.680213193098704,0.005745721515268087,27.34354209340576,0.7643000682195028,0.0017160131828859448,27.34816980594921,0.7644030054410299,0.001735619269311428,27.3457418714418,0.7643661499023438,0.00172912678681314
00000077.png,0.016864996403455734,0.1495276838541031,0.028593186289072037,0.019710181280970573,27.2472798649625,0.7683332363764445,0.001741974614560604,24.76407711658623,0.6875801483790079,0.005692286416888237,27.250532142985705,0.768417219320933,0.0017452358733862638,27.256065536151205,0.7685393889745077,0.0017674460541456938,27.252530872224973,0.7684709827105204,0.0017586059402674437
00000078.png,0.016656355932354927,0.1478816270828247,0.0288173146545887,0.01960582658648491,27.24161405609326,0.773657480875651,0.0017626355402171612,24.713354314242757,0.6916837692260742,0.0057859341613948345,27.245237166520976,0.7737307945887247,0.0017660618759691715,27.2519312105669,0.7738518913586935,0.0017879247898235917,27.247473806321814,0.7737903992335001,0.001779409241862595
00000079.png,0.01655581407248974,0.14490456879138947,0.029638241976499557,0.019678814336657524,27.257371209061173,0.7793327569961548,0.0017840268556028605,24.624468852904204,0.6995733976364136,0.005768681410700083,27.260086501903338,0.7794171571731567,0.001787313842214644,27.266419544757735,0.7795524001121521,0.001810284797102213,27.26282449109965,0.7794772585233053,0.0018017895054072142
00000080.png,0.016709458082914352,0.1471192091703415,0.029036665335297585,0.019393907859921455,27.158393481638804,0.7816041707992554,0.0018191089620813727,24.593184052010603,0.7012601097424825,0.005823011510074139,27.15929473386295,0.7816407084465027,0.0018229439156129956,27.16261197493663,0.7817046046257019,0.0018459917046129704,27.161763424645635,0.781697948773702,0.001836739364080131
00000081.png,0.01695888862013817,0.1407395303249359,0.02888282760977745,0.019396357238292694,27.235829351792194,0.7866747776667277,0.0017798158805817366,24.646483038052338,0.7079731225967407,0.00583664933219552,27.23705776959489,0.7867182493209839,0.0017846726113930345,27.23962596668171,0.7867688337961832,0.0018116270657628775,27.23952769730492,0.7867741386095682,0.001799307530745864
00000082.png,0.01725439354777336,0.13627396523952484,0.028849482536315918,0.019640320912003517,27.07113586088515,0.7831830581029257,0.0018248141277581453,24.59819064973423,0.7085577448209127,0.005666698329150677,27.072865581098334,0.7832384705543518,0.0018286114791408181,27.076329152736687,0.7833078503608704,0.0018512338865548372,27.07520697888068,0.7832872867584229,0.0018421023851260543
00000083.png,0.017161667346954346,0.13590902090072632,0.02852208912372589,0.019934361800551414,27.134048301686093,0.7806027134259542,0.0018236524192616343,24.666281631117457,0.7053984006245931,0.005602971650660038,27.13622080870227,0.7806735038757324,0.0018251384608447552,27.140847835789152,0.7807549238204956,0.0018433751538395882,27.138852223110558,0.780726949373881,0.00183851586189121
00000084.png,0.017590617761015892,0.14080585539340973,0.028963930904865265,0.020066509023308754,26.894127187659002,0.7678972482681274,0.001848889165557921,24.515738949811443,0.6924263040224711,0.0055858297273516655,26.896832397310302,0.7679517467816671,0.0018492190865799785,26.90262497378747,0.7680364648501078,0.001865250407718122,26.899535826699772,0.7680106163024902,0.0018630530685186386
00000085.png,0.017634285613894463,0.13849197328090668,0.028737235814332962,0.020529305562376976,26.73329087580839,0.762259860833486,0.0018828072352334857,24.404868312306146,0.6851084033648173,0.005865722894668579,26.735949684659044,0.7623018423716227,0.0018843901343643665,26.7413700743342,0.7623792092005411,0.0018993348348885775,26.738713672329666,0.7623741825421652,0.0018970959354192019
00000086.png,0.017612634226679802,0.1339360475540161,0.02961273491382599,0.020977145060896873,26.478645562755638,0.7498232920964559,0.001948047778569162,24.138694754014438,0.6721574862798055,0.006051187869161367,26.480423982237326,0.7498549024264017,0.0019478611648082733,26.484812006116076,0.7499215801556905,0.0019623355474323034,26.48328374727442,0.749924381573995,0.0019611837342381477
00000087.png,0.017649168148636818,0.13570678234100342,0.03005688637495041,0.021366547793149948,26.502573527540626,0.7501827677090963,0.001996796578168869,24.145279793974133,0.6720727483431498,0.00632420415058732,26.50573962459998,0.7502642075220743,0.0019971695728600025,26.512394003215466,0.7503709395726522,0.0020120732951909304,26.508297063481734,0.7503179510434469,0.002010519616305828
00000088.png,0.01766754314303398,0.13797883689403534,0.030196744948625565,0.021776627749204636,26.73022932710641,0.7640025417009989,0.0020664003677666187,24.278660886023154,0.6880393226941427,0.006303336471319199,26.734068279087666,0.7640949487686157,0.002066391985863447,26.74141448084256,0.7642142573992411,0.002082016784697771,26.736755228802732,0.7641491492589315,0.002079475438222289
00000089.png,0.017568962648510933,0.13409630954265594,0.030205249786376953,0.021906593814492226,26.852080346950174,0.7788804769515991,0.0021529614459723234,24.383511503512402,0.7053367892901102,0.006487405393272638,26.857336307073076,0.7790167927742004,0.002154433401301503,26.866864110528248,0.779190182685852,0.0021733411122113466,26.859778738181944,0.7790611783663431,0.002168915932998061
00000090.png,0.01709744706749916,0.1427522450685501,0.030887002125382423,0.021766426041722298,26.98445957475082,0.7857110699017843,0.002150064567103982,24.37724135466455,0.7110455433527628,0.0066903443075716496,26.989311564931853,0.7858556111653646,0.0021528354845941067,26.99802063646457,0.7860181132952372,0.0021745653357356787,26.99181521546912,0.7858890891075134,0.002168259583413601
00000091.png,0.016943342983722687,0.1366969794034958,0.03139664605259895,0.02131497487425804,27.077022920854006,0.7864846984545389,0.0021648204419761896,24.321551743417572,0.7085569103558859,0.00690579554066062,27.080027261349,0.7865859468777975,0.0021698910277336836,27.085942935794833,0.7866875926653544,0.002196194138377905,27.082487186650575,0.7866239349047343,0.002185795223340392
00000092.png,0.01706535741686821,0.14123114943504333,0.03137584403157234,0.020894572138786316,27.131031702485085,0.7869380911191305,0.002131470013409853,24.36861142895671,0.7094491918881735,0.0065113636665046215,27.13337332318323,0.78702312707901,0.002133695175871253,27.137100995105513,0.7870798905690511,0.0021562459878623486,27.13576352736151,0.7870581348737081,0.0021505476906895638
00000093.png,0.01722370833158493,0.1430796980857849,0.030284054577350616,0.020502956584095955,27.189667405060174,0.7863680720329285,0.002068690489977598,24.5506236883624,0.7103577852249146,0.006355421617627144,27.193143570814975,0.7864592472712199,0.002071439055725932,27.197909116083938,0.7865364750226339,0.0020916603971272707,27.194595820276078,0.7864909966786703,0.002086970489472151
00000094.png,0.017233142629265785,0.13398166000843048,0.029260937124490738,0.0205311868339777,27.24527497064453,0.7863322099049886,0.002062989166006446,24.678864664543113,0.7114068865776062,0.006375698372721672,27.249102665383653,0.7864262859026591,0.0020680672023445368,27.25427903750766,0.7864973545074463,0.0020933400373905897,27.250574556755645,0.786452074845632,0.0020832656882703304
00000095.png,0.01736244559288025,0.13999043405056,0.028520680963993073,0.020219922065734863,27.551637021297452,0.7859791318575541,0.0019829594530165195,24.90428115029397,0.7109346588452657,0.005618904251605272,27.553150075160787,0.7860191861788431,0.001981558045372367,27.556752389354273,0.7860480149586996,0.001994933234527707,27.55534980650678,0.7860600153605143,0.0019960764329880476
00000096.png,0.01741017960011959,0.13528873026371002,0.02788015827536583,0.01923471875488758,27.641206217095014,0.7770811716715494,0.0018255871254950762,25.067442343590596,0.7069863080978394,0.00511213019490242,27.643763106230534,0.7771546443303426,0.0018236790783703327,27.65110839196543,0.7772579590479533,0.00183770467992872,27.64675378201826,0.7772079110145569,0.0018389573087915778
00000097.png,0.01783512905240059,0.14545920491218567,0.027605798095464706,0.018996797502040863,27.516334757533265,0.7736160755157471,0.0018102321773767471,25.00031821507121,0.6993429660797119,0.005428621079772711,27.518487648811384,0.773667057355245,0.0018110220553353429,27.52237909055654,0.7737133304278055,0.0018282898236066103,27.52079244214203,0.7737145026524862,0.001825667917728424
00000098.png,0.01808761991560459,0.14406158030033112,0.02707044966518879,0.01881912723183632,27.504257324914462,0.776507298151652,0.0017603123560547829,25.084158279101366,0.7061330477396647,0.005192398559302092,27.507253387083157,0.776584247748057,0.0017591933719813824,27.510148639769664,0.7766316135724386,0.0017754067666828632,27.50917042501269,0.7766226530075073,0.0017736386507749557
00000099.png,0.03260299563407898,0.19443930685520172,0.027482736855745316,0.0,27.560141481577233,0.7822841008504232,0.001803511637263,25.060720698710043,0.715284506479899,0.005229780916124582,27.56146861911306,0.7823618253072103,0.0017997275572270155,27.56703848310442,0.7824214696884155,0.0018206675304099917,27.56703848310442,0.7824214696884155,0.0018206675304099917
